idn_empreendimento;idn_digs;dsc_titulo;val_2011_2014;val_pos_2014;investimento_total;sig_uf;txt_municipios;txt_executores;dsc_orgao;idn_estagio;dat_ciclo;dat_selecao;dat_conclusao_revisada;val_lat;val_long;emblematica;observacao
1346;2000;Inventário - Bacia do Rio Aripuanã - AM MT;2232000.00;;;AM MT;APUÍ/AM, NOVO ARIPUANÃ/AM, ARIPUANÃ/MT, COLNIZA/MT, RONDOLÂNDIA/MT;Empresa de Pesquisa Energética;Ministério de Minas e Energia;90;31/10/2014;;30/05/2011;"10°9'43.920000""S";"59°27'28.080000""O";;Previsão para 31/12/2014 - 
1354;2000;Inventário - Bacia do Rio Trombetas - AM PA RR;5926000.00;7266000.00;;AM PA RR;NHAMUNDÁ/AM, CAROEBE/RR, ALENQUER/PA, ÓBIDOS/PA, ORIXIMINÁ/PA;Empresa de Pesquisa Energética;Ministério de Minas e Energia;71;31/10/2014;;;;;;Previsão para 31/12/2014 - 
1357;2001;LT 230 kV Balsas - Ribeiro Gonçalves - MA PI;70000000.00;;;MA PI;RIBEIRO GONÇALVES/PI, BALSAS/MA;Eletrobras Eletronorte;Ministério de Minas e Energia;90;31/10/2014;;03/12/2011;"7°32'43.800000""S";"45°38'20.400000""O";;Previsão para 31/12/2014 - 
1368;2000;Usina Hidrelétrica - Batalha - GO MG;333600000.00;;;GO MG;PARACATU/MG, CRISTALINA/GO, CAMPO ALEGRE DE GOIÁS/GO;FURNAS;Ministério de Minas e Energia;90;31/10/2014;;17/05/2014;"17°20'44.160000""S";"47°28'22.800000""O";;Previsão para 31/12/2014 - 
1381;2000;Usina Hidrelétrica - Cachoeira - MA PI;;;;MA PI;BARÃO DE GRAJAÚ/MA, SÃO JOÃO DOS PATOS/MA, FLORIANO/PI, GUADALUPE/PI, JERUMENHA/PI;CNEC Engenharia S.A., Companhia hidro elétrica do São Francisco, Construtora Queiroz Galvão S/A;Ministério de Minas e Energia;10;31/10/2014;;;"6°45'12.744000""S";"43°3'41.040000""O";;Previsão para 31/12/2014 - Valor não divulgado em razão da possibilidade de uso do Regime Diferenciado de Contratação - RDC.
1427;2000;Usina Hidrelétrica - Castelhano - MA PI;;;;MA PI;PARNARAMA/MA, SÃO FRANCISCO DO MARANHÃO/MA, AMARANTE/PI, PALMEIRAIS/PI;CNEC Engenharia S.A., Companhia hidro elétrica do São Francisco, Construtora Queiroz Galvão S/A;Ministério de Minas e Energia;10;31/10/2014;;;"5°44'20.004000""S";"43°5'29.040000""O";;Previsão para 31/12/2014 - Valor não divulgado em razão da possibilidade de uso do Regime Diferenciado de Contratação - RDC.
1480;2001;LT 230 kV Curitiba - Joinville Norte - PR SC;28330000.00;;;PR SC;CURITIBA/PR, JOINVILLE/SC;Interligação Elétrica Sul S.A.;Ministério de Minas e Energia;70;31/10/2014;;;"25°51'57.600000""S";"49°3'34.200000""O";;Previsão para 31/12/2014 - 
1509;2000;Usina Hidrelétrica - Estreito - MA TO;1617000000.00;;;MA TO;AGUIARNÓPOLIS/TO, PALMEIRAS DO TOCANTINS/TO, ESTREITO/MA;Consórcio Estreito Energia;Ministério de Minas e Energia;90;31/10/2014;;30/04/2011;"6°35'18.309984""S";"47°27'50.640012""O";EMBLEMATICA;Previsão para 31/12/2014 - 
1510;2000;Usina Hidrelétrica - Estreito Parnaíba - MA PI;;;;MA PI;GRAJAÚ/MA, SÃO FRANCISCO DO MARANHÃO/MA, AMARANTE/PI, FLORIANO/PI;CNEC Engenharia S.A., Companhia hidro elétrica do São Francisco, Construtora Queiroz Galvão S/A;Ministério de Minas e Energia;10;31/10/2014;;;"6°19'31.872000""S";"42°51'10.440000""O";;Previsão para 31/12/2014 - Valor não divulgado em razão da possibilidade de uso do Regime Diferenciado de Contratação - RDC.
1578;2001;Interligação Madeira - Porto Velho - Araraquara (circuito 1) - LOTES C e D - GO MG MT RO SP;3660000000.00;;;GO MG MT RO SP;PORTO VELHO/RO, CANDEIAS DO JAMARI/RO, ALTO PARAÍSO/RO, ARIQUEMES/RO, CACAULÂNDIA/RO, JARU/RO, OURO PRETO DO OESTE/RO, TEIXEIRÓPOLIS/RO, JI-PARANÁ/RO, PRESIDENTE MÉDICI/RO, CASTANHEIRAS/RO, ROLIM DE MOURA/RO, PIMENTA BUENO/RO, SÃO FELIPE D'OESTE/RO, PRIMAVERA DE RONDÔNIA/RO, PARECIS/RO, CHUPINGUAIA/RO, CORUMBIARA/RO, COLORADO DO OESTE/RO, CABIXI/RO, COMODORO/MT, NOVA LACERDA/MT, VILA BELA DA SANTÍSSIMA TRINDADE/MT, PONTES E LACERDA/MT, JAURU/MT, INDIAVAÍ/MT, ARAPUTANGA/MT, RESERVA DO CABAÇAL/MT, RIO BRANCO/MT, SALTO DO CÉU/MT, LAMBARI D'OESTE/MT, BARRA DO BUGRES/MT, ALTO PARAGUAI/MT, ROSÁRIO OESTE/MT, JANGADA/MT, ACORIZAL/MT, CUIABÁ/MT, SANTO ANTÔNIO DO LEVERGER/MT, CAMPO VERDE/MT, JACIARA/MT, JUSCIMEIRA/MT, RONDONÓPOLIS/MT, SÃO JOSÉ DO POVO/MT, GUIRATINGA/MT, PEDRA PRETA/MT, ALTO GARÇAS/MT, ALTO ARAGUAIA/MT, SANTA RITA DO ARAGUAIA/GO, MINEIROS/GO, SERRANÓPOLIS/GO, JATAÍ/GO, CAÇU/GO, SANTA VITÓRIA/MG, LIMEIRA DO OESTE/MG, ITURAMA/MG, OUROESTE/SP, GUARANI D'OESTE/SP, MACEDÔNIA/SP, PEDRANÓPOLIS/SP, FERNANDÓPOLIS/SP, MERIDIANO/SP, VALENTIM GENTIL/SP, VOTUPORANGA/SP, SEBASTIANÓPOLIS DO SUL/SP, MONTE APRAZÍVEL/SP, POLONI/SP, NEVES PAULISTA/SP, JACI/SP, NOVA ALIANÇA/SP, POTIRENDABA/SP, IBIRÁ/SP, URUPÊS/SP, MARAPOAMA/SP, ITAJOBI/SP, ITÁPOLIS/SP, TABATINGA/SP, NOVA EUROPA/SP, GAVIÃO PEIXOTO/SP, ARARAQUARA/SP, UNIÃO DE MINAS/MG, VALE DE SÃO DOMINGOS/MT;Estação Transmissora de Energia, Interligação Elétrica do Madeira S.A.;Ministério de Minas e Energia;90;31/10/2014;;01/08/2013;;;EMBLEMATICA;Previsão para 31/12/2014 - 
1581;2001;Interligação Tucuruí - Macapá - Manaus (Jurupari-Oriximiná e Jurupari-Macapá) - LOTE B - AP PA;859440000.00;;;AP PA;ORIXIMINÁ/PA, AMAPÁ/AP;Linhas de Macapá Transmissora de Energia;Ministério de Minas e Energia;90;31/10/2014;;21/01/2014;;;EMBLEMATICA;Previsão para 31/12/2014 - 
1589;2000;Aproveitamentos Hidrelétricos - Itapiranga - RS SC;;;;RS SC;ITAPIRANGA/SC, MONDAÍ/SC, SÃO JOÃO DO OESTE/SC, CAIÇARA/RS, PINHEIRINHO DO VALE/RS, VICENTE DUTRA/RS, VISTA ALEGRE/RS;Desenvix S/A;Ministério de Minas e Energia;10;31/10/2014;;;"27°11'27.600000""S";"53°39'33.840000""O";;Previsão para 31/12/2014 - Valor não divulgado em razão da possibilidade de uso do Regime Diferenciado de Contratação - RDC.
1600;2001;LT 230 kV Jardim - Penedo - AL SE;23310000.00;;;AL SE;NOSSA SENHORA DO SOCORRO/SE, PENEDO/AL;Companhia hidro elétrica do São Francisco;Ministério de Minas e Energia;90;31/10/2014;;28/03/2014;;;;Previsão para 31/12/2014 - 
1681;2002;Plangas GLP - ES RJ;1801670000.00;71270000.00;;ES RJ;;Petrobras;Ministério de Minas e Energia;90;31/10/2014;;30/05/2014;;;;Previsão para 31/12/2014 - 
1776;2000;Usina Hidrelétrica - Riacho Seco - BA PE;;;;BA PE;LAGOA GRANDE/PE, SANTA MARIA DA BOA VISTA/PE, CURAÇÁ/BA, JUAZEIRO/BA;Companhia hidro elétrica do São Francisco, Desenvix S/A, ODEBRECHT;Ministério de Minas e Energia;10;31/10/2014;;;"8°47'2.004000""S";"39°40'51.960000""O";;Previsão para 31/12/2014 - Valor não divulgado em razão da possibilidade de uso do Regime Diferenciado de Contratação - RDC.
1777;2000;Usina Hidrelétrica - Ribeiro Gonçalves - MA PI;;;;MA PI;SAMBAÍBA/MA, TASSO FRAGOSO/MA, RIBEIRO GONÇALVES/PI, SANTA FILOMENA/PI;CNEC Engenharia S.A., Companhia hidro elétrica do São Francisco, Queiroz Galvão;Ministério de Minas e Energia;10;31/10/2014;;;"7°34'21.000000""S";"45°17'24.000000""O";;Previsão para 31/12/2014 - Valor não divulgado em razão da possibilidade de uso do Regime Diferenciado de Contratação - RDC.
1826;2000;Aproveitamentos Hidrelétricos - Serra Quebrada - MA TO;;;;MA TO;AGUIARNÓPOLIS/TO, ITAGUATINS/TO, MAURILÂNDIA DO TOCANTINS/TO, TOCANTINÓPOLIS/TO, CAMPESTRE DO MARANHÃO/MA, ESTREITO/MA, GODOFREDO VIANA/MA, GOVERNADOR EDISON LOBÃO/MA, IMPERATRIZ/MA, MONTES ALTOS/MA, PORTO FRANCO/MA, RIBAMAR FIQUENE/MA;Construções e Comércio Camargo Corrêa S/A, Eletrobras Eletronorte;Ministério de Minas e Energia;10;31/10/2014;;;"5°40'40.296000""S";"47°29'34.440000""O";;Previsão para 31/12/2014 - Valor não divulgado em razão da possibilidade de uso do Regime Diferenciado de Contratação - RDC.
1828;2000;Usina Hidrelétrica - Simplício - MG RJ;275730000.00;2000000.00;;MG RJ;ALÉM PARAÍBA/MG, CHIADOR/MG, SAPUCAIA/RJ, TRÊS RIOS/RJ;FURNAS;Ministério de Minas e Energia;91;31/10/2014;;;"22°2'2.389992""S";"43°0'3.390012""O";EMBLEMATICA;Previsão para 31/12/2014 - 
1845;1001;Ferrovia Nova Transnordestina - CE PE PI;2614740000.00;2721510000.00;;CE PE PI;CAMPINAS DO PIAUÍ/PI, CANTO DO BURITI/PI, CARIDADE DO PIAUÍ/PI, CONCEIÇÃO DO CANINDÉ/PI, ELISEU MARTINS/PI, ISAÍAS COELHO/PI, MASSAPÊ DO PIAUÍ/PI, PAES LANDIM/PI, PAJEÚ DO PIAUÍ/PI, PATOS DO PIAUÍ/PI, PAVUSSU/PI, RIBEIRA DO PIAUÍ/PI, SIMÕES/PI, SIMPLÍCIO MENDES/PI, SOCORRO DO PIAUÍ/PI, ACARAPÉ/CE, ACOPIARA/CE, AURORA/CE, BATURITÉ/CE, BREJO SANTO/CE, CAPISTRANO/CE, CEDRO/CE, FORTALEZA/CE, GUAIÚBA/CE, ICÓ/CE, IGUATU/CE, JARDIM/CE, LAVRAS DA MANGABEIRA/CE, MARACANAÚ/CE, MISSÃO VELHA/CE, PACATUBA/CE, PENAFORTE/CE, PIQUET CARNEIRO/CE, PORTEIRAS/CE, QUIXADÁ/CE, QUIXERAMOBIM/CE, REDENÇÃO/CE, SENADOR POMPEU/CE, AFOGADOS DA INGAZEIRA/PE, ARAÇOIABA/PE, ARARIPINA/PE, ARCOVERDE/PE, BELO JARDIM/PE, BEZERROS/PE, BODOCÓ/PE, CALUMBI/PE, CARNAÍBA/PE, CARUARU/PE, CUSTÓDIA/PE, FLORES/PE, GRANITO/PE, GRAVATÁ/PE, IGUARACI/PE, IPUBI/PE, JABOATÃO DOS GUARARAPES/PE, MIRANDIBA/PE, MORENO/PE, OURICURI/PE, PARNAMIRIM/PE, PESQUEIRA/PE, POMBOS/PE, RECIFE/PE, SAIRÉ/PE, SALGUEIRO/PE, SANHARÓ/PE, SANTA CRUZ DA BAIXA VERDE/PE, SÃO CAITANO/PE, SÃO JOSÉ DO BELMONTE/PE, SERRA TALHADA/PE, SERRITA/PE, SERTÂNIA/PE, TACAIMBÓ/PE, TRINDADE/PE, TRIUNFO/PE, VITÓRIA DE SANTO ANTÃO/PE;Concessionária TL S/A;Ministério dos Transportes;70;31/10/2014;;;;;EMBLEMATICA;
2246;2001;LT 230 kV Picos - Tauá - CE PI;71027000.00;;;CE PI;TAUÁ/CE, PICOS/PI;Companhia hidro elétrica do São Francisco;Ministério de Minas e Energia;90;31/10/2014;;01/02/2013;"6°32'24.000000""S";"40°52'48.000000""O";;Previsão para 31/12/2014 - 
2509;2005;Sistema de Logística de Etanol - GO-MG-SP;2356380000.00;3779100000.00;;GO MG SP;UBERABA/MG, ANHEMBI/SP, ARAÇATUBA/SP, PAULÍNIA/SP, PRESIDENTE EPITÁCIO/SP, RIBEIRÃO PRETO/SP, SÃO JOSÉ DOS CAMPOS/SP, APARECIDA DO RIO DOCE/GO, ITUMBIARA/GO, SENADOR CANEDO/GO;Petrobras;Ministério de Minas e Energia;91;31/10/2014;;;;;EMBLEMATICA;Previsão para 31/12/2014 - 
4180;1000;BR-319/RO - Construção de Ponte sobre o Rio Madeira/RO - AM RO;355960000.00;;;AM RO;HUMAITÁ/AM, PORTO VELHO/RO;DNIT, Exército;Ministério dos Transportes;90;31/10/2014;;15/09/2014;;;;
4244;6002;Projeto de Integração do Rio São Francisco com as Bacias do Nordeste Setentrional - Eixo Leste - PB PE;968890000.00;175000000.00;;PB PE;ALCANTIL/PB, AMPARO/PB, AROEIRAS/PB, BARRA DE SANTANA/PB, BARRA DE SÃO MIGUEL/PB, BAYEUX/PB, BOA VISTA/PB, BOQUEIRÃO/PB, CABACEIRAS/PB, CALDAS BRANDÃO/PB, CAMALAÚ/PB, CAMPINA GRANDE/PB, CARAÚBAS/PB, CATURITÉ/PB, CONGO/PB, COXIXOLA/PB, CRUZ DO ESPÍRITO SANTO/PB, CUBATI/PB, FAGUNDES/PB, FREI MARTINHO/PB, GADO BRAVO/PB, GURINHÉM/PB, GURJÃO/PB, INGÁ/PB, ITABAIANA/PB, ITATUBA/PB, JOÃO PESSOA/PB, JUAREZ TÁVORA/PB, JUAZEIRINHO/PB, JURIPIRANGA/PB, LIVRAMENTO/PB, MARI/PB, MASSARANDUBA/PB, MOGEIRO/PB, MONTEIRO/PB, NATUBA/PB, NOVA PALMEIRA/PB, OLIVEDOS/PB, OURO VELHO/PB, PARARI/PB, PEDRA LAVRADA/PB, PICUÍ/PB, PILAR/PB, POCINHOS/PB, PRATA/PB, PUXINANÃ/PB, QUEIMADAS/PB, RIACHÃO DO BACAMARTE/PB, RIACHÃO DO POÇO/PB, RIACHO DE SANTO ANTÔNIO/PB, SALGADO DE SÃO FÉLIX/PB, SANTA CECÍLIA/PB, SANTA RITA/PB, SANTO ANDRÉ/PB, SÃO DOMINGOS DO CARIRI/PB, SÃO JOÃO DO CARIRI/PB, SÃO JOÃO DO TIGRE/PB, SÃO JOSÉ DOS RAMOS/PB, SÃO JOSÉ DOS CORDEIROS/PB, SÃO MIGUEL DE TAIPU/PB, SÃO SEBASTIÃO DO UMBUZEIRO/PB, SAPÉ/PB, SERIDÓ/PB, SERRA BRANCA/PB, SERRA REDONDA/PB, SOBRADO/PB, SOLEDADE/PB, SUMÉ/PB, TAPEROÁ/PB, TENÓRIO/PB, UMBUZEIRO/PB, ZABELÊ/PB, AFOGADOS DA INGAZEIRA/PE, AGRESTINA/PE, ÁGUAS BELAS/PE, ALAGOINHA/PE, ALTINHO/PE, ANGELIM/PE, ARCOVERDE/PE, BARRA DE GUABIRABA/PE, BELO JARDIM/PE, BETÂNIA/PE, BEZERROS/PE, BOM CONSELHO/PE, BOM JARDIM/PE, BONITO/PE, BREJÃO/PE, BREJINHO/PE, BREJO DA MADRE DE DEUS/PE, BUÍQUE/PE, CACHOEIRINHA/PE, CAETÉS/PE, CALÇADO/PE, CALUMBI/PE, CAMOCIM DE SÃO FÉLIX/PE, CANHOTINHO/PE, CAPOEIRAS/PE, CARNAÍBA/PE, CARUARU/PE, CASINHAS/PE, CORRENTES/PE, CUMARU/PE, CUPIRA/PE, CUSTÓDIA/PE, FEIRA NOVA/PE, FLORES/PE, FLORESTA/PE, FREI MIGUELINHO/PE, GARANHUNS/PE, GRAVATÁ/PE, IATI/PE, IBIMIRIM/PE, IBIRAJUBA/PE, IGUARACI/PE, INAJÁ/PE, INGAZEIRA/PE, ITAÍBA/PE, ITAPETIM/PE, JATAÚBA/PE, JOÃO ALFREDO/PE, JUCATI/PE, JUPI/PE, JUREMA/PE, LAGOA DO OURO/PE, LAGOA DOS GATOS/PE, LAJEDO/PE, LIMOEIRO/PE, MACHADOS/PE, MANARI/PE, OROBÓ/PE, PALMEIRINA/PE, PANELAS/PE, PARANATAMA/PE, PASSIRA/PE, PEDRA/PE, PESQUEIRA/PE, POÇÃO/PE, QUIXABA/PE, RIACHO DAS ALMAS/PE, SAIRÉ/PE, SALGADINHO/PE, SALOÁ/PE, SANHARÓ/PE, SANTA CRUZ DA BAIXA VERDE/PE, SANTA CRUZ DO CAPIBARIBE/PE, SANTA MARIA DO CAMBUCÁ/PE, SANTA TEREZINHA/PE, SÃO BENTO DO UNA/PE, SÃO CAITANO/PE, SÃO JOÃO/PE, SÃO JOAQUIM DO MONTE/PE, SÃO JOSÉ DO EGITO/PE, SÃO VICENTE FERRER/PE, SERRA TALHADA/PE, SERTÂNIA/PE, SOLIDÃO/PE, SURUBIM/PE, TABIRA/PE, TACAIMBÓ/PE, TAQUARITINGA DO NORTE/PE, TEREZINHA/PE, TORITAMA/PE, TRIUNFO/PE, TUPANATINGA/PE, TUPARETAMA/PE, VENTUROSA/PE, VERTENTE DO LÉRIO/PE, VERTENTES/PE;Ministério da Integração Nacional;Ministério da Integração Nacional;70;31/10/2014;;;;;EMBLEMATICA;Previsão para 31/12/2014 - 
4245;6002;Projeto de Integração do Rio São Francisco com as Bacias do Nordeste Setentrional - Eixo Norte - Trechos I e II - CE PB PE RN;3064910000.00;515720000.00;;CE PB PE RN;ABAIARA/CE, ALTO SANTO/CE, AQUIRAZ/CE, ARACATI/CE, AURORA/CE, BAIXIO/CE, BARBALHA/CE, BARRO/CE, BEBERIBE/CE, BREJO SANTO/CE, CARIRIAÇU/CE, CASCAVEL/CE, CAUCAIA/CE, CEDRO/CE, CHOROZINHO/CE, CRATO/CE, EUSÉBIO/CE, FORTALEZA/CE, FORTIM/CE, GRANJEIRO/CE, GUAIÚBA/CE, HORIZONTE/CE, ICAPUÍ/CE, ICÓ/CE, IPAUMIRIM/CE, ITAIÇABA/CE, ITAITINGA/CE, JAGUARETAMA/CE, JAGUARIBARA/CE, JAGUARIBE/CE, JAGUARUANA/CE, JARDIM/CE, JATI/CE, JUAZEIRO DO NORTE/CE, LAVRAS DA MANGABEIRA/CE, LIMOEIRO DO NORTE/CE, MARACANAÚ/CE, MARANGUAPE/CE, MAURITI/CE, MILAGRES/CE, MISSÃO VELHA/CE, MORADA NOVA/CE, OCARA/CE, PACAJUS/CE, PACATUBA/CE, PALHANO/CE, PENAFORTE/CE, PINDORETAMA/CE, PORTEIRAS/CE, QUIXERÉ/CE, RUSSAS/CE, SÃO GONÇALO DO AMARANTE/CE, SÃO JOÃO DO JAGUARIBE/CE, TABULEIRO DO NORTE/CE, UMARI/CE, VÁRZEA ALEGRE/CE, SÃO JOÃO DO RIO DO PEIXE/PB, APARECIDA/PB, AREIA DE BARAÚNAS/PB, ASSUNÇÃO/PB, BELÉM DO BREJO DO CRUZ/PB, BERNARDINO BATISTA/PB, BOM JESUS/PB, BOM SUCESSO/PB, BONITO DE SANTA FÉ/PB, BREJO DO CRUZ/PB, BREJO DOS SANTOS/PB, CACHOEIRA DOS ÍNDIOS/PB, CACIMBA DE AREIA/PB, CAJAZEIRAS/PB, CARRAPATEIRA/PB, CATOLÉ DO ROCHA/PB, CONDADO/PB, VISTA SERRANA/PB, JERICÓ/PB, JUNCO DO SERIDÓ/PB, LAGOA/PB, LASTRO/PB, MALTA/PB, MARIZÓPOLIS/PB, MATO GROSSO/PB, MONTE HOREBE/PB, NAZAREZINHO/PB, PASSAGEM/PB, PATOS/PB, PAULISTA/PB, POÇO DANTAS/PB, POÇO DE JOSÉ DE MOURA/PB, POMBAL/PB, QUIXABÁ/PB, RIACHO DOS CAVALOS/PB, SALGADINHO/PB, SANTA CRUZ/PB, SANTA HELENA/PB, SANTA LUZIA/PB, JOCA CLAUDINO/PB, SÃO BENTO/PB, SÃO BENTINHO/PB, SÃO DOMINGOS/PB, SÃO FRANCISCO/PB, SÃO JOSÉ DA LAGOA TAPADA/PB, SÃO JOSÉ DE ESPINHARAS/PB, SÃO JOSÉ DE PIRANHAS/PB, SÃO JOSÉ DO BREJO DO CRUZ/PB, SÃO JOSÉ DO SABUGI/PB, SÃO MAMEDE/PB, SOUSA/PB, TRIUNFO/PB, UIRAÚNA/PB, VÁRZEA/PB, VIEIRÓPOLIS/PB, ARARIPINA/PE, BODOCÓ/PE, CABROBÓ/PE, CARNAUBEIRA DA PENHA/PE, CEDRO/PE, EXU/PE, GRANITO/PE, IPUBI/PE, MIRANDIBA/PE, OURICURI/PE, PARNAMIRIM/PE, SALGUEIRO/PE, SÃO JOSÉ DO BELMONTE/PE, SERRITA/PE, MOREILÂNDIA/PE, TERRA NOVA/PE, TRINDADE/PE, VERDEJANTE/PE;Ministério da Integração Nacional;Ministério da Integração Nacional;70;31/10/2014;;;;;EMBLEMATICA;Previsão para 31/12/2014 - 
4536;6002;Implantação, Ampliação ou Melhoria de Sistemas Públicos de Esgotamento Sanitário em Municípios das Bacias do São Francisco e Parnaíba - AL BA MA MG PE PI SE;1103152880.00;;;AL BA MA MG PE PI SE;IBIMIRIM/PE, GRANITO/PE, FLORESTA/PE, EXU/PE, CEDRO/PE, BUÍQUE/PE, PAINS/MG, PETROLÂNDIA/PE, AMPARO DE SÃO FRANCISCO/SE, MONTE ALEGRE DE SERGIPE/SE, NOSSA SENHORA DA GLÓRIA/SE, MALHADA DOS BOIS/SE, JAPOATÃ/SE, ITABI/SE, ILHA DAS FLORES/SE, GRACHO CARDOSO/SE, GARARU/SE, CEDRO DE SÃO JOÃO/SE, CANINDÉ DE SÃO FRANCISCO/SE, CANHOBA/SE, BOM DESPACHO/MG, CARNEIROS/AL, AQUIDABÃ/SE, CRAÍBAS/AL, TRAIPU/AL, SÃO BRÁS/AL, SANTANA DO IPANEMA/AL, PIAÇABUÇU/AL, OLHO D'ÁGUA DO CASADO/AL, OLHO D'ÁGUA DAS FLORES/AL, MAJOR ISIDORO/AL, JARAMATAIA/AL, JACARÉ DOS HOMENS/AL, IGREJA NOVA/AL, BODOCÓ/PE, BREJO GRANDE/SE, CARINHANHA/BA, BENEDITO LEITE/MA, BARÃO DE GRAJAÚ/MA, ARAIOSES/MA, ALTO PARNAÍBA/MA, PACATUBA/SE, SÃO FRANCISCO/SE, TELHA/SE, ABARÉ/BA, BARRA/BA, BOTUPORÃ/BA, CAMPO FORMOSO/BA, CABROBÓ/PE, CANARANA/BA, COELHO NETO/MA, CATURAMA/BA, CENTRAL/BA, GENTIO DO OURO/BA, GLÓRIA/BA, IBOTIRAMA/BA, IGAPORÃ/BA, IPUPIARA/BA, ITAGUAÇU DA BAHIA/BA, IUIÚ/BA, JACARACI/BA, JEREMOABO/BA, CANÁPOLIS/BA, ILHA GRANDE/PI, ARARIPINA/PE, AFOGADOS DA INGAZEIRA/PE, URUÇUÍ/PI, UNIÃO/PI, SANTA FILOMENA/PI, RIBEIRO GONÇALVES/PI, PORTO ALEGRE DO PIAUÍ/PI, PORTO/PI, MURICI DOS PORTELAS/PI, BUENÓPOLIS/MG, FRANCISCO SÁ/MG, CAETÉ/MG, CAPITÃO ENÉAS/MG, CAPITÓLIO/MG, CATUTI/MG, DORESÓPOLIS/MG, MADEIRO/PI, ENGENHEIRO NAVARRO/MG, ESPINOSA/MG, JOCA MARQUES/PI, FRANCISCO DUMONT/MG, MACURURÉ/BA, BRASILÂNDIA DE MINAS/MG, SÃO FÉLIX DO CORIBE/BA, MUQUÉM DE SÃO FRANCISCO/BA, OUROLÂNDIA/BA, PALMAS DE MONTE ALTO/BA, PARAMIRIM/BA, PARATINGA/BA, PILÃO ARCADO/BA, BREJO/MA, REMANSO/BA, RIO DO PIRES/BA, RODELAS/BA, GUADALUPE/PI, FLORIANO/PI, AMARANTE/PI, BURITIZEIRO/MG, TASSO FRAGOSO/MA, SÃO FRANCISCO DO MARANHÃO/MA, SANTA QUITÉRIA DO MARANHÃO/MA, PARNARAMA/MA, XIQUE-XIQUE/BA, SANTA MARIA DA VITÓRIA/BA, NOVA IORQUE/MA, MIRANGABA/BA, MALHADA/BA, MILAGRES DO MARANHÃO/MA, MAGALHÃES DE ALMEIDA/MA, DUQUE BACELAR/MA, BELÉM DE SÃO FRANCISCO/PE, LUZILÂNDIA/PI, ABAETÉ/MG, SERRA DO RAMALHO/BA, SENTO SÉ/BA, SÍTIO DO MATO/BA, TANQUE NOVO/BA, UMBURANAS/BA, ARCOS/MG, PAPAGAIOS/MG, BAMBUÍ/MG, VÁRZEA NOVA/BA, ITABIRITO/MG, MORPARÁ/BA, MORRO DO CHAPÉU/BA, PEDRAS DE MARIA DA CRUZ/MG, SANTA BRÍGIDA/BA, URUANA DE MINAS/MG, PONTO CHIQUE/MG, PRESIDENTE JUSCELINO/MG, PRUDENTE DE MORAIS/MG, QUARTEL GERAL/MG, RIACHO DOS MACHADOS/MG, RIO ACIMA/MG, VERDELÂNDIA/MG, VARZELÂNDIA/MG, ICARAÍ DE MINAS/MG, VARGEM BONITA/MG, PEQUI/MG, UBAÍ/MG, TRÊS MARIAS/MG, TIROS/MG, TAQUARAÇU DE MINAS/MG, SÃO ROQUE DE MINAS/MG, SÃO JOÃO DO PACUÍ/MG, SÃO JOÃO DA PONTE/MG, SÃO GONÇALO DO ABAETÉ/MG, SANTANA DE PIRAPAMA/MG, VÁRZEA DA PALMA/MG, LUZ/MG, IBIAÍ/MG, IGUATAMA/MG, SANTA FÉ DE MINAS/MG, ITACARAMBI/MG, JAÍBA/MG, JAPARAÍBA/MG, JEQUITAÍ/MG, JUVENÍLIA/MG, LAGOA DA PRATA/MG, POMPÉU/MG, LONTRA/MG, PIUMHI/MG, MANGA/MG, MATIAS CARDOSO/MG, MEDEIROS/MG, MIRABELA/MG, MORADA NOVA DE MINAS/MG, PAINEIRAS/MG, CALUMBI/PE, LUÍS EDUARDO MAGALHÃES/BA, GUARDA-MOR/MG, LAGOA DOS PATOS/MG, OURICURI/PE, CANAPI/AL, CACIMBINHAS/AL, BATALHA/AL, BELO MONTE/AL, TRINDADE/PE, TABIRA/PE, MOREILÂNDIA/PE, SERTÂNIA/PE, BOCAIÚVA/MG, SANTA TEREZINHA/PE, SANTA MARIA DA BOA VISTA/PE, LAPÃO/BA, PARNAMIRIM/PE, DELMIRO GOUVEIA/AL, MIRANDIBA/PE, ITACURUBA/PE, IPUBI/PE, IGUARACI/PE;Codevasf;Ministério da Integração Nacional;71;31/10/2014;31/12/2014;;;;EMBLEMATICA;Previsão para 31/12/2014 - 
4537;6002;Recuperação e Controle de Processos Erosivos - AL BA CE MA MG PE PI SE TO;218202144.84;;;AL BA CE MA MG PE PI SE TO;SERRANÓPOLIS DE MINAS/MG, CARACOL/PI, PEDRO LAURENTINO/PI, GRANITO/PE, SÃO MIGUEL DO TAPUIO/PI, SÃO JOÃO DO PIAUÍ/PI, SÃO JOÃO DA VARJOTA/PI, SANTA FILOMENA/PI, SANTA CRUZ DO PIAUÍ/PI, QUEIMADA NOVA/PI, ILHA GRANDE/PI, NOVA SANTA RITA/PI, JACOBINA DO PIAUÍ/PI, PAULISTANA/PI, PATOS DO PIAUÍ/PI, PARNAÍBA/PI, OEIRAS/PI, MARCOLÂNDIA/PI, JOCA MARQUES/PI, JERUMENHA/PI, SIMÕES/PI, PICOS/PI, MAJOR ISIDORO/AL, PIAÇABUÇU/AL, PENEDO/AL, PARICONHA/AL, PÃO DE AÇÚCAR/AL, PALESTINA/AL, OURO BRANCO/AL, OLHO D'ÁGUA DO CASADO/AL, CANAPI/AL, MATA GRANDE/AL, SANTANA DO IPANEMA/AL, IGREJA NOVA/AL, IGACI/AL, GIRAU DO PONCIANO/AL, DOIS RIACHOS/AL, DELMIRO GOUVEIA/AL, CRAÍBAS/AL, FLORES/PE, OLHO D'ÁGUA DAS FLORES/AL, CAPELA/SE, POÇO REDONDO/SE, NOSSA SENHORA DA GLÓRIA/SE, NEÓPOLIS/SE, MONTE ALEGRE DE SERGIPE/SE, JAPOATÃ/SE, JAPARATUBA/SE, ILHA DAS FLORES/SE, PIRANHAS/AL, GARARU/SE, PORTO REAL DO COLÉGIO/AL, CANINDÉ DE SÃO FRANCISCO/SE, BREJO GRANDE/SE, AMPARO DE SÃO FRANCISCO/SE, TRAIPU/AL, SENADOR RUI PALMEIRA/AL, SÃO SEBASTIÃO/AL, SÃO JOSÉ DA TAPERA/AL, CACIMBINHAS/AL, GRACHO CARDOSO/SE, JATOBÁ/PE, PETROLINA/PE, PETROLÂNDIA/PE, PESQUEIRA/PE, PEDRA/PE, PARNAMIRIM/PE, PARANATAMA/PE, OURICURI/PE, CARNEIROS/AL, LAGOA GRANDE/PE, SANTA CRUZ/PE, ITAÍBA/PE, ITACURUBA/PE, IPUBI/PE, INAJÁ/PE, IBIMIRIM/PE, IATI/PE, PORTO DA FOLHA/SE, OROCÓ/PE, TERRA NOVA/PE, BELO MONTE/AL, BATALHA/AL, ARAPIRACA/AL, ÁGUA BRANCA/AL, VERDEJANTE/PE, VENTUROSA/PE, TUPANATINGA/PE, QUIXABA/PE, TRINDADE/PE, SALGUEIRO/PE, MOREILÂNDIA/PE, SERTÂNIA/PE, SERRITA/PE, SERRA TALHADA/PE, SÃO JOSÉ DO BELMONTE/PE, SANTA MARIA DA BOA VISTA/PE, SANTA FILOMENA/PE, FLORESTA/PE, TRIUNFO/PE, SÃO ROQUE DE MINAS/MG, BOM CONSELHO/PE, VIÇOSA DO CEARÁ/CE, AFOGADOS DA INGAZEIRA/PE, AFRÂNIO/PE, ÁGUAS BELAS/PE, ARARIPINA/PE, ARCOVERDE/PE, BELÉM DE SÃO FRANCISCO/PE, SÃO RAIMUNDO NONATO/PI, BODOCÓ/PE, SÃO BENEDITO/CE, BUÍQUE/PE, CABROBÓ/PE, CAETÉS/PE, CALUMBI/PE, CEDRO/PE, DORMENTES/PE, EXU/PE, BETÂNIA/PE, IPAPORANGA/CE, SOCORRO DO PIAUÍ/PI, ARARENDÁ/CE, CARNAUBAL/CE, CRATEÚS/CE, CROATÁ/CE, GRANJA/CE, GUARACIABA DO NORTE/CE, UBAJARA/CE, INDEPENDÊNCIA/CE, TAMBORIL/CE, IPU/CE, IPUEIRAS/CE, NOVA RUSSAS/CE, NOVO ORIENTE/CE, PORANGA/CE, QUITERIANÓPOLIS/CE, MARAVILHA/AL, IBIAPINA/CE, JABOTICATUBAS/MG, TANQUE NOVO/BA, INHAPI/AL, GAMELEIRAS/MG, GLAUCILÂNDIA/MG, GUARACIAMA/MG, IBIRACATU/MG, IBIRITÉ/MG, IGUATAMA/MG, PROPRIÁ/SE, ITAÚNA/MG, ENGENHEIRO NAVARRO/MG, JAÍBA/MG, JANAÚBA/MG, JEQUITAÍ/MG, JOÃO PINHEIRO/MG, JURAMENTO/MG, LAGAMAR/MG, LAGOA DOS PATOS/MG, LAGOA FORMOSA/MG, ITABIRITO/MG, CAETÉ/MG, UAUÁ/BA, UIBAÍ/BA, WANDERLEY/BA, XIQUE-XIQUE/BA, BOCAIÚVA/MG, BRASILÂNDIA DE MINAS/MG, BRASÍLIA DE MINAS/MG, BRUMADINHO/MG, FRANCISCO DUMONT/MG, CABECEIRA GRANDE/MG, LEANDRO FERREIRA/MG, CAPIM BRANCO/MG, CAPITÃO ENÉAS/MG, CARMÓPOLIS DE MINAS/MG, CATUTI/MG, CHAPADA GAÚCHA/MG, CURVELO/MG, DIVINÓPOLIS/MG, DOM BOSCO/MG, BURITIZEIRO/MG, SÃO JOÃO DA LAGOA/MG, LAGOA GRANDE/MG, PRESIDENTE OLEGÁRIO/MG, RAPOSOS/MG, RIACHO DOS MACHADOS/MG, RIO ACIMA/MG, SABARÁ/MG, SANTA FÉ DE MINAS/MG, SANTANA DO RIACHO/MG, SANTO ANTÔNIO DO MONTE/MG, PEDRA DO INDAIÁ/MG, SÃO GONÇALO DO PARÁ/MG, PATIS/MG, SÃO JOÃO DA PONTE/MG, SÃO JOÃO DAS MISSÕES/MG, SARZEDO/MG, SETE LAGOAS/MG, TRÊS MARIAS/MG, UNAÍ/MG, VARZELÂNDIA/MG, VAZANTE/MG, SÃO FRANCISCO/MG, NATALÂNDIA/MG, ESPINOSA/MG, MAMONAS/MG, MÁRIO CAMPOS/MG, MATIAS CARDOSO/MG, MATO VERDE/MG, MIRABELA/MG, MONJOLOS/MG, MONTE AZUL/MG, PORTEIRINHA/MG, MORADA NOVA DE MINAS/MG, LASSANCE/MG, NOVA LIMA/MG, NOVA PORTEIRINHA/MG, ONÇA DE PITANGUI/MG, PAI PEDRO/MG, PARACATU/MG, PARÁ DE MINAS/MG, PARAOPEBA/MG, PASSA TEMPO/MG, MONTES CLAROS/MG, JABORANDI/BA, CORRENTINA/BA, COTEGIPE/BA, CRISTÓPOLIS/BA, CURAÇÁ/BA, FORMOSA DO RIO PRETO/BA, GLÓRIA/BA, GUANAMBI/BA, IRECÊ/BA, MUQUÉM DE SÃO FRANCISCO/BA, IUIÚ/BA, FRANCISCO SÁ/MG, JEREMOABO/BA, JUAZEIRO/BA, LUÍS EDUARDO MAGALHÃES/BA, MACURURÉ/BA, MALHADA/BA, MANSIDÃO/BA, MATINA/BA, MORRO DO CHAPÉU/BA, ITAGUAÇU DA BAHIA/BA, CAMPO ALEGRE DE LOURDES/BA, ABARÉ/BA, ANGICAL/BA, BAIANÓPOLIS/BA, BARRA/BA, BARREIRAS/BA, BOM JESUS DA LAPA/BA, BONINAL/BA, BROTAS DE MACAÚBAS/BA, TABOCAS DO BREJO VELHO/BA, CAFARNAUM/BA, COCOS/BA, CAMPO FORMOSO/BA, CANÁPOLIS/BA, CANDIBA/BA, CANUDOS/BA, CARINHANHA/BA, CASA NOVA/BA, CATOLÂNDIA/BA, CORIBE/BA, CAETITÉ/BA, RODELAS/BA, CHORROCHÓ/BA, PALMAS DE MONTE ALTO/BA, SOBRADINHO/BA, SÍTIO DO MATO/BA, SERRA DOURADA/BA, SENTO SÉ/BA, SERRA DO RAMALHO/BA, SÃO DESIDÉRIO/BA, SÃO FÉLIX DO CORIBE/BA, SANTANA/BA, SANTA MARIA DA VITÓRIA/BA, SOUTO SOARES/BA, SANTA RITA DE CÁSSIA/BA, SEABRA/BA, RIO DE CONTAS/BA, RIACHO DE SANTANA/BA, RIACHÃO DAS NEVES/BA, REMANSO/BA, PINDAÍ/BA, PILÃO ARCADO/BA, PIATÃ/BA, PAULO AFONSO/BA, PARATINGA/BA, PARAMIRIM/BA, SANTA BRÍGIDA/BA, GUARIBAS/PI, GILBUÉS/PI, FLORESTA DO PIAUÍ/PI, FARTURA DO PIAUÍ/PI, DOM INOCÊNCIO/PI, CURRAL NOVO DO PIAUÍ/PI, CASTELO DO PIAUÍ/PI, SIMPLÍCIO MENDES/PI, BREJO DO PIAUÍ/PI, JAICÓS/PI, ANÍSIO DE ABREU/PI, ALVORADA DO GURGUÉIA/PI, TIMON/MA, BALSAS/MA, ALTO PARNAÍBA/MA, ASSUNÇÃO DO PIAUÍ/PI, VERDELÂNDIA/MG;Governo do Estado da Bahia, Governo do Estado de Alagoas, Governo do Estado de Minas Gerais, Governo do Estado do Piauí, Governo Federal, ONG;Ministério da Integração Nacional;71;31/10/2014;31/12/2014;;;;EMBLEMATICA;Previsão para 31/12/2014 - 
4573;2001;LT 230 kV Pau Ferro - Santa Rita II - PB PE;;;;PB PE;SANTA RITA/PB, IGARASSU/PE;Companhia hidro elétrica do São Francisco;Ministério de Minas e Energia;40;31/10/2014;;;;;;Previsão para 31/12/2014 - Valor não divulgado em razão da possibilidade de uso do Regime Diferenciado de Contratação - RDC.
4908;1001;Trem de Alta Velocidade Rio/Sao Paulo/Campinas - RJ SP;;;;RJ SP;BARRA MANSA/RJ, RIO DE JANEIRO/RJ, VOLTA REDONDA/RJ, CAMPINAS/SP, GUARULHOS/SP, SÃO JOSÉ DOS CAMPOS/SP, SÃO PAULO/SP;Concessionária;Ministério dos Transportes;41;31/10/2014;;;;;EMBLEMATICA;Valor não divulgado em razão da possibilidade de uso do Regime Diferenciado de Contratação - RDC.
4910;1001;Prolongamento da Ferrovia Norte-Sul - Conexão com a Ferrovia do Pantanal (Estudo) - MS SP;24140000.00;;;MS SP;ESTRELA D'OESTE/SP, DOURADOS/MS, PORTO MURTINHO/MS, PANORAMA/SP;VALEC;Ministério dos Transportes;90;31/10/2014;;25/05/2012;;;;
4911;1001;Projeto de Extensão da Ferrovia de Integração Centro Oeste - Lucas do Rio Verde/MT - Vilhena/RO - GO MT RO;;;;GO MT RO;VILHENA/RO, CAMPINORTE/GO, NOVA IGUAÇU DE GOIÁS/GO, PILAR DE GOIÁS/GO, SANTA TEREZINHA DE GOIÁS/GO, CRIXÁS/GO, NOVA CRIXÁS/GO, ARUANÃ/GO, COCALINHO/MT, NOVA NAZARÉ/MT, ÁGUA BOA/MT, GAÚCHA DO NORTE/MT, NOVA UBIRATÃ/MT, SORRISO/MT, LUCAS DO RIO VERDE/MT, NOVA MUTUM/MT, NOVA MARINGÁ/MT, BRASNORTE/MT, SAPEZAL/MT, CAMPOS DE JÚLIO/MT, COMODORO/MT;VALEC;Ministério dos Transportes;90;31/10/2014;;31/05/2014;;;;
4912;1001;Conexão da Ferrovia Transnordestina com a Ferrovia Norte-Sul (Estudo) (Eliseu Martins/PI - Estreito/MA) - MA PI;;;;MA PI;;VALEC;Ministério dos Transportes;90;31/10/2014;;23/05/2012;;;;
4913;1001;Corredor Ferroviário Bioceânico - Bitola Métrica (Estudo) - MS PR SP;5200000.00;;;MS PR SP;PANORAMA/SP, SANTOS/SP, DOURADOS/MS;BNDES;Ministério dos Transportes;90;31/10/2014;;04/10/2011;;;;
4951;1000;3a Etapa de Concessões de Rodovias Federais - Fase 2 - BR-101/ES/BA - Trecho div. RJ/ES - Entr. BA-698 (acesso a Mucuri/BA) - BA ES;2146300000.00;;;BA ES;MUCURI/BA, ANCHIETA/ES, ARACRUZ/ES, ATILIO VIVACQUA/ES, CACHOEIRO DE ITAPEMIRIM/ES, CARIACICA/ES, CONCEIÇÃO DA BARRA/ES, FUNDÃO/ES, GUARAPARI/ES, IBIRAÇU/ES, ICONHA/ES, ITAPEMIRIM/ES, JAGUARÉ/ES, JOÃO NEIVA/ES, LINHARES/ES, MIMOSO DO SUL/ES, PEDRO CANÁRIO/ES, PINHEIROS/ES, PRESIDENTE KENNEDY/ES, RIO NOVO DO SUL/ES, SÃO MATEUS/ES, SERRA/ES, SOORETAMA/ES, VIANA/ES, VILA VELHA/ES, VITÓRIA/ES;ANTT, Concessionária;Ministério dos Transportes;90;31/10/2014;;17/04/2013;;;EMBLEMATICA;
4959;1000;3a Etapa de Concessões de Rodovias Federais - BR-040/DF/GO/MG - Brasília/DF - Juiz de Fora/MG - DF GO MG;7917900000.00;;;DF GO MG;PARACATU/MG, CRISTALINA/GO, LUZIÂNIA/GO, VALPARAÍSO DE GOIÁS/GO, BRASÍLIA/DF;ANTT, Concessionária;Ministério dos Transportes;90;31/10/2014;;22/04/2014;;;EMBLEMATICA;
5309;1001;Trecho Sul da Ferrovia Norte Sul - Construção Palmas/TO - Anápolis/GO - GO TO;1092500000.00;;;GO TO;PALMAS/TO;VALEC;Ministério dos Transportes;90;31/10/2014;;30/05/2014;;;EMBLEMATICA;
5311;1001;Trecho Sul da Ferrovia Norte Sul - Construção Ouro Verde/GO - Estrela D'Oeste/SP - GO MG SP;2478000000.00;;;GO MG SP;ESTRELA D'OESTE/SP, ANÁPOLIS/GO;VALEC;Ministério dos Transportes;70;31/10/2014;;;;;EMBLEMATICA;
5317;2001;Interligação Tucuruí - Macapá - Manaus (Oriximiná-Silves e Silves-Lechuga) - LOTE C - AM PA;1688670000.00;;;AM PA;MANAUS/AM, ORIXIMINÁ/PA;Manaus Transmissora de Energia S.A.;Ministério de Minas e Energia;90;31/10/2014;;19/03/2013;;;EMBLEMATICA;Previsão para 31/12/2014 - 
5563;2001;LT 230 kV Chapadão - Ilha Solteira 2, C1-C2-C3 - MS SP;133060000.00;;;MS SP;ILHA SOLTEIRA/SP, CHAPADÃO DO SUL/MS, SELVÍRIA/MS;Linhas de Transmissão do Itatim Ltda.;Ministério de Minas e Energia;90;31/10/2014;;16/10/2011;;;;Previsão para 31/12/2014 - 
5564;2001;LT  230 kV Chapadão - Jataí, CD - GO MS;85100000.00;;;GO MS;CHAPADÃO DO SUL/MS, JATAÍ/GO;Transenergia Renovável S.A.;Ministério de Minas e Energia;90;31/10/2014;;23/04/2013;;;;Previsão para 31/12/2014 - 
5639;2000;Usina Hidrelétrica - Davinópolis - GO MG;;;;GO MG;GUARDA-MOR/MG, CATALÃO/GO, DAVINÓPOLIS/GO, ABADIA DOS DOURADOS/MG, COROMANDEL/MG;CEMIG Geração e Transmissão S.A., Neoenergia S.A.;Ministério de Minas e Energia;10;31/10/2014;;;;;;Previsão para 31/12/2014 - Valor não divulgado em razão da possibilidade de uso do Regime Diferenciado de Contratação - RDC.
5740;1000;BR-262/MS/SP - Construção de Ponte sobre rio Paraná - MS SP;148380000.00;;;MS SP;BRASILÂNDIA/MS, TRÊS LAGOAS/MS, CASTILHO/SP;DNIT;Ministério dos Transportes;70;31/10/2014;;;;;;
5762;2001;Interligação N-CO III (Rio Branco - Abunã - Porto Velho) - AC RO;238266000.00;;;AC RO;RIO BRANCO/AC, PORTO VELHO/RO;Rio Branco Transmissora de Energia S.A.;Ministério de Minas e Energia;90;31/10/2014;;22/12/2012;;;;Previsão para 31/12/2014 - 
5764;2001;Interligação Madeira - Porto Velho - Araraquara (LT Cuiabá - Ribeirãozinho - Rio Verde) - LOTE B - GO MT;369138000.00;;;GO MT;CUIABÁ/MT, RIBEIRÃOZINHO/MT, RIO VERDE/GO;Catxerê Transmissora de Energia S.A.;Ministério de Minas e Energia;90;31/10/2014;;04/03/2012;;;EMBLEMATICA;Previsão para 31/12/2014 - 
5776;2001;Interligação Madeira - Porto Velho - Araraquara (circuito 2) - LOTES F e G - GO MG MT RO SP;3237000000.00;;;GO MG MT RO SP;PORTO VELHO/RO, CANDEIAS DO JAMARI/RO, ALTO PARAÍSO/RO, ARIQUEMES/RO, MONTE NEGRO/RO, CACAULÂNDIA/RO, JARU/RO, GOVERNADOR JORGE TEIXEIRA/RO, OURO PRETO DO OESTE/RO, TEIXEIRÓPOLIS/RO, URUPÁ/RO, ALVORADA D'OESTE/RO, PRESIDENTE MÉDICI/RO, NOVA BRASILÂNDIA D'OESTE/RO, CASTANHEIRAS/RO, ROLIM DE MOURA/RO, SÃO FELIPE D'OESTE/RO, SANTA LUZIA D'OESTE/RO, PRIMAVERA DE RONDÔNIA/RO, PARECIS/RO, CHUPINGUAIA/RO, CORUMBIARA/RO, CEREJEIRAS/RO, COLORADO DO OESTE/RO, CABIXI/RO, COMODORO/MT, NOVA LACERDA/MT, VILA BELA DA SANTÍSSIMA TRINDADE/MT, PONTES E LACERDA/MT, VALE DE SÃO DOMINGOS/MT, JAURU/MT, INDIAVAÍ/MT, ARAPUTANGA/MT, RIO BRANCO/MT, LAMBARI D'OESTE/MT, BARRA DO BUGRES/MT, ALTO PARAGUAI/MT, ROSÁRIO OESTE/MT, JANGADA/MT, ACORIZAL/MT, VÁRZEA GRANDE/MT, CUIABÁ/MT, SANTO ANTÔNIO DO LEVERGER/MT, JACIARA/MT, JUSCIMEIRA/MT, RONDONÓPOLIS/MT, SÃO JOSÉ DO POVO/MT, PEDRA PRETA/MT, ALTO GARÇAS/MT, ALTO ARAGUAIA/MT, SANTA RITA DO ARAGUAIA/GO, MINEIROS/GO, SERRANÓPOLIS/GO, JATAÍ/GO, ITARUMÃ/GO, LIMEIRA DO OESTE/MG, ITURAMA/MG, OUROESTE/SP, POPULINA/SP, TURMALINA/SP, ESTRELA D'OESTE/SP, FERNANDÓPOLIS/SP, MERIDIANO/SP, VALENTIM GENTIL/SP, VOTUPORANGA/SP, FLOREAL/SP, NHANDEARA/SP, MACAUBAL/SP, MONTE APRAZÍVEL/SP, UNIÃO PAULISTA/SP, NIPOÃ/SP, JOSÉ BONIFÁCIO/SP, NEVES PAULISTA/SP, NOVA ALIANÇA/SP, POTIRENDABA/SP, MENDONÇA/SP, IRAPUÃ/SP, NOVO HORIZONTE/SP, ITAJOBI/SP, BORBOREMA/SP, ITÁPOLIS/SP, TABATINGA/SP, NOVA EUROPA/SP, GAVIÃO PEIXOTO/SP, ARARAQUARA/SP;Interligação Elétrica do Madeira S.A., Norte Brasil Transmissora de Energia S.A.;Ministério de Minas e Energia;90;31/10/2014;;25/09/2014;;;EMBLEMATICA;Previsão para 31/12/2014 - 
5833;1001;Prolongamento - Norte da Ferrovia Norte Sul - Acailândia-Barcarena (Estudos) - MA PA;;;;MA PA;;VALEC;Ministério dos Transportes;90;31/10/2014;;30/06/2014;;;;
5847;2002;P-58 - PARQUE DAS BALEIAS - ES RS;9214480000.00;2198010000.00;;ES RS;;Petrobras;Ministério de Minas e Energia;91;31/10/2014;;;;;EMBLEMATICA;Previsão para 31/12/2014 - 
5850;2002;Sapinhoá Piloto - FPSO São Paulo - RJ SP;7883700000.00;1093260000.00;;RJ SP;;BG, Petrobras, REPSOL;Ministério de Minas e Energia;91;31/10/2014;;;;;EMBLEMATICA;Previsão para 31/12/2014 - 
5890;2005;SEDA - RJ;100790000.00;;;RJ SP;RIO DE JANEIRO/RJ, PAULÍNIA/SP;Petrobras;Ministério de Minas e Energia;90;31/10/2014;;30/04/2014;;;;Previsão para 31/12/2014 - 
5901;2002;Bacia Sedimentar do Acre, Madre de Deus - AC AM;48800000.00;;;AC AM;;ANP;Ministério de Minas e Energia;90;31/10/2014;;01/12/2013;;;;Previsão para 31/12/2014 - 
5902;2002;Bacia Sedimentar do Paraná - GO MG MS MT PR RS SC SP;25240000.00;43015000.00;;GO MG MS MT PR RS SC SP;;ANP;Ministério de Minas e Energia;91;31/10/2014;;;;;;Previsão para 31/12/2014 - 
5903;2002;Bacia Sedimentar do Amazonas - AM AP PA RR;58350000.00;;;AM AP PA RR;;ANP;Ministério de Minas e Energia;90;31/10/2014;;31/12/2014;;;;Previsão para 31/12/2014 - 
5904;2002;Bacia Sedimentar do Parecis - MT RO;25117000.00;36189000.00;;MT RO;;ANP;Ministério de Minas e Energia;91;31/10/2014;;;;;;Previsão para 31/12/2014 - 
5906;2002;Bacia Sedimentar do Ceará (Piauí-Camocim, Acaraú e Icaraí) - CE PI;1742000.00;;;CE PI;;ANP;Ministério de Minas e Energia;90;31/10/2014;;31/05/2012;;;;Previsão para 31/12/2014 - 
5908;2002;Bacia Sedimentar do Parnaíba - MA PA PI TO;107662000.00;;;MA PA PI TO;;ANP;Ministério de Minas e Energia;90;31/10/2014;;31/12/2014;;;;Previsão para 31/12/2014 - 
5909;2002;Bacia Sedimentar do Marajó - AP PA;59000.00;;;AP PA;;ANP;Ministério de Minas e Energia;90;31/10/2014;;31/12/2014;;;;Previsão para 31/12/2014 - 
5913;2002;Bacia Sedimentar do São Luís-Bragança-Vizeu - MA PA;50095000.00;;;MA PA;;ANP;Ministério de Minas e Energia;91;31/10/2014;;;;;;Previsão para 31/12/2014 - 
6008;2001;LT 500 kV Mesquita - Viana - ES MG;284077000.00;;;ES MG;SANTANA DO PARAÍSO/MG, VIANA/ES, MESQUITA/MG;MGE - MGE Transmissão S.A.;Ministério de Minas e Energia;90;31/10/2014;;10/08/2014;;;;Previsão para 31/12/2014 - 
6011;2003;Gestão da Informação Geológica - CIG - Centro de Informações Geocientíficas;53743000.00;;;AM BA CE DF GO MG PA PE PI RJ RN RO RS SP;;CPRM;Ministério de Minas e Energia;90;31/10/2014;;31/12/2014;;;;Previsão para 31/12/2014 - 
6012;2003;Gestão da Informação Geológica - Implantação da Rede de Litotecas;18302000.00;;;AM BA GO MG PA PE PI RJ RN RO RS SP;FEIRA DE SANTANA/BA, GOIÂNIA/GO, CAETÉ/MG, BELÉM/PA, TERESINA/PI, PORTO VELHO/RO, CAÇAPAVA DO SUL/RS, ARARAQUARA/SP, MOSSORÓ/RN, MANAUS/AM;CPRM;Ministério de Minas e Energia;70;31/10/2014;;;;;;Previsão para 31/12/2014 - 
6013;2003;LAMIN - Modernização da Rede de Laboratórios Analíticos;29659000.00;;;AM MG RJ SP;MANAUS/AM, CAETÉ/MG, RIO DE JANEIRO/RJ, SÃO PAULO/SP;CPRM;Ministério de Minas e Energia;70;31/10/2014;;;;;;Previsão para 31/12/2014 - 
6015;2003;Levantamento da Geodiversidade - Ordenamento Territorial;11459000.00;;;AC AL AM AP BA CE DF ES GO MA MG MS MT PA PB PE PI PR RJ RN RO RR RS SC SE SP TO;;CPRM;Ministério de Minas e Energia;71;31/10/2014;;;;;;Previsão para 31/12/2014 - 
6016;2003;Levantamentos Aerogeofísicos;182804000.00;;;ES MT PR RJ RO RS SC;;CPRM;Ministério de Minas e Energia;90;31/10/2014;;31/12/2014;;;;Previsão para 31/12/2014 - 
6017;2003;Levantamentos Geológicos - Cartografia Geológica;69192000.00;;;AC AL AM AP BA CE DF ES GO MA MG MS MT PA PB PE PI PR RJ RN RO RR RS SC SE SP TO;;CPRM;Ministério de Minas e Energia;71;31/10/2014;;;;;;Previsão para 31/12/2014 - 
6018;2003;Levantamentos Geológicos - Avaliação de Recursos Minerais;44438000.00;;;AC AL AM AP BA CE DF ES GO MA MG MS MT PA PB PE PI PR RJ RN RO RR RS SC SE SP TO;;CPRM;Ministério de Minas e Energia;90;31/10/2014;;31/12/2014;;;;Previsão para 31/12/2014 - 
6019;2003;Levantamentos Geológicos - Geologia Marinha;134321000.00;;;AL AP BA CE ES MA PA PB PE PI PR RJ RN RS SC SE SP;;CPRM;Ministério de Minas e Energia;71;31/10/2014;;;;;;Previsão para 31/12/2014 - 
6020;2003;Levantamentos Geoquímicos;8713000.00;;;AC AL AM AP BA CE DF ES GO MA MG MS MT PA PB PE PI PR RJ RN RO RR RS SC SE SP TO;;CPRM;Ministério de Minas e Energia;71;31/10/2014;;;;;;Previsão para 31/12/2014 - 
6021;2003;Levantamentos Hidrogeológicos;56521000.00;;;AC AL AM AP BA CE DF ES GO MA MG MS MT PA PB PE PI PR RJ RN RO RR RS SC SE SP TO;;CPRM;Ministério de Minas e Energia;71;31/10/2014;;;;;;Previsão para 31/12/2014 - 
6084;2000;Usina Hidrelétrica - Santo Antonio Jari - AP PA;1234900000.00;65000000.00;;AP PA;ALMEIRIM/PA, LARANJAL DO JARI/AP;Jari Energética S.A.;Ministério de Minas e Energia;91;31/10/2014;;;"0°38'49.089984""S";"52°30'30.020004""O";EMBLEMATICA;Previsão para 31/12/2014 - 
6115;1002;Plano Nacional de Logística Portuária - Fase 1 - BR;;;;BR;NACIONAL;SEP/PR;Secretaria de Portos da Presidência da República;90;31/10/2014;;30/03/2012;;;;Previsão para 31/12/2014 - 
6180;1002;Porto Sem Papel - Fase 2 - Concentrador de Dados e Portal de Informações Portuárias - AL AM AP BA CE ES MA PA PB PE PR RJ RN RS SC SP;92000000.00;10400000.00;;AL AM AP BA CE ES MA PA PB PE PR RJ RN RS SC SP;MANAUS/AM, BARCARENA/PA, BELÉM/PA, SANTARÉM/PA, MACAPÁ/AP, SÃO LUÍS/MA, FORTALEZA/CE, SÃO GONÇALO DO AMARANTE/CE, AREIA BRANCA/RN, NATAL/RN, CABEDELO/PB, CABO DE SANTO AGOSTINHO/PE, RECIFE/PE, MACEIÓ/AL, ILHÉUS/BA, SALVADOR/BA, ARACRUZ/ES, ANGRA DOS REIS/RJ, ARRAIAL DO CABO/RJ, ITAGUAÍ/RJ, NITERÓI/RJ, SÃO SEBASTIÃO/SP, ANTONINA/PR, PARANAGUÁ/PR, IMBITUBA/SC, ITAJAÍ/SC, LAGUNA/SC, SÃO FRANCISCO DO SUL/SC, PELOTAS/RS, PORTO ALEGRE/RS, RIO GRANDE/RS, CANDEIAS/BA;SEP/PR, Serviço Federal de Processamento de Dados - SERPRO;Secretaria de Portos da Presidência da República;90;31/10/2014;;30/06/2014;;;EMBLEMATICA;Previsão para 31/12/2014 - 
8054;6002;Canal do Xingó - Estudo - BA SE;13400000.00;7100000.00;;BA SE;CANINDÉ DE SÃO FRANCISCO/SE, MONTE ALEGRE DE SERGIPE/SE, NOSSA SENHORA DA GLÓRIA/SE, POÇO REDONDO/SE, PORTO DA FOLHA/SE, PAULO AFONSO/BA, SANTA BRÍGIDA/BA;Governo do Estado de Sergipe;Ministério da Integração Nacional;71;31/10/2014;;;;;;Previsão para 31/12/2014 - 
8058;6002;Eixo Sul do São Francisco - Estudos - BA SE;12000000.00;;;BA SE;;Ministério da Integração Nacional;Ministério da Integração Nacional;71;31/10/2014;;;;;;Previsão para 31/12/2014 - 
8076;6002;Projeto de Integração do Rio São Francisco com as Bacias do Nordeste Setentrional - Eixo Norte - Trecho III - Projeto - CE PB;12480000.00;;;CE PB;JATI/CE;Ministério da Integração Nacional;Ministério da Integração Nacional;71;31/10/2014;;;;;;Previsão para 31/12/2014 - 
8152;1001;Extensão da Ferrovia Norte-Sul - Panorama - Rio Grande - PR RS SC SP;9000000.00;;;PR RS SC SP;;VALEC;Ministério dos Transportes;90;31/10/2014;;15/12/2014;;;;Previsão para 31/12/2014 - 
8160;1001;Ferrovia Estrela d'Oeste - Panorama - Dourados (PIL) - MS SP;;;;MS SP;;EPL;Ministério dos Transportes;10;31/10/2014;;;;;;Valor não divulgado em razão da possibilidade de uso do Regime Diferenciado de Contratação - RDC.
8173;1001;Trem de Alta Velocidade - Belo Horizonte - Campinas - Estudo - MG SP;;;;MG SP;;EPL;Ministério dos Transportes;10;31/10/2014;;;;;;Valor não divulgado em razão da possibilidade de uso do Regime Diferenciado de Contratação - RDC.
8175;1001;Trem de Alta Velocidade - Curitiba - São Paulo - Estudo - PR SP;;;;PR SP;;EPL;Ministério dos Transportes;10;31/10/2014;;;;;;Valor não divulgado em razão da possibilidade de uso do Regime Diferenciado de Contratação - RDC.
8203;6002;Recuperação de Reservatórios Estratégicos para a Integração do Rio São Francisco - CE PB PE RN;20000000.00;180000000.00;;CE PB PE RN;ORÓS/CE, ICÓ/CE, BANABUIÚ/CE, JAGUARIBARA/CE, MAURITI/CE, BREJO SANTO/CE, JATI/CE, MONTEIRO/PB, CAJAZEIRAS/PB, CABACEIRAS/PB, SÃO JOSÉ DE PIRANHAS/PB, PIANCÓ/PB, SOUSA/PB, PARNAMIRIM/PE, IBIMIRIM/PE, FLORESTA/PE, AÇU/RN, SÃO RAFAEL/RN, PAU DOS FERROS/RN;Ministério da Integração Nacional;Ministério da Integração Nacional;70;31/10/2014;;;;;;Previsão para 31/12/2014 - 
8297;2004;Contratação de financiamento de Marinha Mercante entre 2011 e 2014;3699610000.00;;;BR;NACIONAL;Não informado;Ministério dos Transportes;90;31/10/2014;;31/12/2014;;;EMBLEMATICA;Previsão para 31/12/2014 - 
8417;2000;Usina Hidrelétrica - Marabá - MA PA TO;;;;MA PA TO;BOM JESUS DO TOCANTINS/PA, BREJO GRANDE DO ARAGUAIA/PA, MARABÁ/PA, PALESTINA DO PARÁ/PA, SÃO JOÃO DO ARAGUAIA/PA, ANANÁS/TO, ARAGUATINS/TO, ESPERANTINA/TO, SÃO SEBASTIÃO DO TOCANTINS/TO, SÃO PEDRO DA ÁGUA BRANCA/MA;Construções e Comércio Camargo Corrêa S/A, Eletrobras Eletronorte;Ministério de Minas e Energia;10;31/10/2014;;;"5°19'34.788000""S";"49°2'39.480000""O";;Previsão para 31/12/2014 - Valor não divulgado em razão da possibilidade de uso do Regime Diferenciado de Contratação - RDC.
8418;2000;Usina Hidrelétrica - São Manoel - MT PA;223800000.00;2069100000.00;;MT PA;JACAREACANGA/PA, PARANAÍTA/MT, APIACÁS/MT;Consórcio Terra Nova, Furnas Centrais Elétricas S/A;Ministério de Minas e Energia;70;31/10/2014;;;"9°11'9.999996""S";"51°56'24.380016""O";EMBLEMATICA;Previsão para 31/12/2014 - 
8421;2000;Usina Hidrelétrica - Teles Pires - MT PA;3740000000.00;260000000.00;;MT PA;JACAREACANGA/PA, PARANAÍTA/MT;Companhia Hidrelétrica Teles Pires;Ministério de Minas e Energia;70;31/10/2014;;;"9°20'18.369996""S";"56°46'35.469984""O";EMBLEMATICA;Previsão para 31/12/2014 - 
8508;2000;Aproveitamentos Hidrelétricos - Sumaúma - AM MT;;;;AM MT;COLNIZA/MT, APUÍ/AM;Endesa Brasil S.A.;Ministério de Minas e Energia;10;31/10/2014;;;;;;Previsão para 31/12/2014 - Valor não divulgado em razão da possibilidade de uso do Regime Diferenciado de Contratação - RDC.
8513;2000;Aproveitamentos Hidrelétricos - São Simão Alto - AM MT;;;;AM MT;APUÍ/AM, APIACÁS/MT, COTRIGUAÇU/MT;Empresa de Pesquisa Energética;Ministério de Minas e Energia;10;31/10/2014;;;;;;Previsão para 31/12/2014 - Valor não divulgado em razão da possibilidade de uso do Regime Diferenciado de Contratação - RDC.
8514;2000;Aproveitamentos Hidrelétricos - Salto Augusto Baixo - AM MT;;;;AM MT;APUÍ/AM, APIACÁS/MT, COTRIGUAÇU/MT, NOVA BANDEIRANTES/MT;Empresa de Pesquisa Energética;Ministério de Minas e Energia;10;31/10/2014;;;;;;Previsão para 31/12/2014 - Valor não divulgado em razão da possibilidade de uso do Regime Diferenciado de Contratação - RDC.
8518;2000;Aproveitamentos Hidrelétricos - Chacorão - AM PA;;;;AM PA;MAUÉS/AM, JACAREACANGA/PA;Empresa de Pesquisa Energética;Ministério de Minas e Energia;10;31/10/2014;;;;;;Previsão para 31/12/2014 - Valor não divulgado em razão da possibilidade de uso do Regime Diferenciado de Contratação - RDC.
8618;2001;LT 500 kV Taubaté - Nova Iguaçu - RJ SP;382590000.00;29430000.00;;RJ SP;NOVA IGUAÇU/RJ, TAUBATÉ/SP;Linha de Taubaté Transmissora de Energia LTDA;Ministério de Minas e Energia;70;31/10/2014;;;;;;Previsão para 31/12/2014 - 
8652;2001;Interligação Tapajós - SE - GO MT PA SP;;;;GO MT PA SP;;A definir;Ministério de Minas e Energia;10;31/10/2014;;;;;;Previsão para 31/12/2014 - Valor não divulgado em razão da possibilidade de uso do Regime Diferenciado de Contratação - RDC.
8654;2001;Interligação Manaus - Boa Vista - AM RR;;;;AM RR;MANAUS/AM, BOA VISTA/RR;Transnorte Energia S.A.;Ministério de Minas e Energia;40;31/10/2014;;;;;;Previsão para 31/12/2014 - Valor não divulgado em razão da possibilidade de uso do Regime Diferenciado de Contratação - RDC.
8656;2001;Reforços na Região Sudeste - Linhas de Transmissão em 500 kV - PR SP;;;;PR SP;;A definir;Ministério de Minas e Energia;10;31/10/2014;;;;;;Previsão para 31/12/2014 - Valor não divulgado em razão da possibilidade de uso do Regime Diferenciado de Contratação - RDC.
8728;1000;Manutenção da Malha Rodoviária - BR;17069620000.00;;;BR;NACIONAL;DNIT;Ministério dos Transportes;70;31/10/2014;;;;;EMBLEMATICA;
8796;1002;SISTEMA DE GERENCIAMENTO DE TRÁFEGO MARÍTIMO – VTMIS – FASE 1 - BA ES RJ SP;54790000.00;109510000.00;;BA ES RJ SP;MADRE DE DEUS/BA, SALVADOR/BA, VITÓRIA/ES, ITAGUAÍ/RJ, RIO DE JANEIRO/RJ, SANTOS/SP;Companhia Docas do Estado de São Paulo - CODESP, SEP/PR;Secretaria de Portos da Presidência da República;71;31/10/2014;;;;;;Previsão para 31/12/2014 - 
8797;1002;Cadeia Logística Portuária Inteligente - BA CE ES MA PA PE PR RJ RS SP;48640000.00;66360000.00;;BA CE ES MA PA PE PR RJ RS SP;BELÉM/PA, SÃO LUÍS/MA, FORTALEZA/CE, SÃO GONÇALO DO AMARANTE/CE, CABO DE SANTO AGOSTINHO/PE, SALVADOR/BA, VITÓRIA/ES, ITAGUAÍ/RJ, RIO DE JANEIRO/RJ, SANTOS/SP, PARANAGUÁ/PR, RIO GRANDE/RS;SEP/PR, Serviço Federal de Processamento de Dados - SERPRO, UFSC;Secretaria de Portos da Presidência da República;71;31/10/2014;;;;;;Previsão para 31/12/2014 - 
8798;1002;InfraPort - Sistema de Apoio à Gestão Portuária - BA CE ES PA RJ RN SP;30000000.00;;;BA CE ES PA RJ RN SP;BELÉM/PA, FORTALEZA/CE, NATAL/RN, SALVADOR/BA, VITÓRIA/ES, RIO DE JANEIRO/RJ, SANTOS/SP;SEP/PR, Serviço Federal de Processamento de Dados - SERPRO;Secretaria de Portos da Presidência da República;71;31/10/2014;;;;;;Previsão para 31/12/2014 - 
8800;1002;Programa de Conformidade do Gerenciamento de Resíduos Sólidos e Efluentes Líquidos dos Portos Marítimos Brasileiros - AL BA CE ES PA PB PE PR RJ RN RS SC SP;45040000.00;72960000.00;;AL BA CE ES PA PB PE PR RJ RN RS SC SP;;SEP/PR, UFRJ;Secretaria de Portos da Presidência da República;71;31/10/2014;;;;;;Previsão para 31/12/2014 - 
8822;2000;Inventário - Bacia do Rio Negro - AM RR;1303000.00;2525000.00;;AM RR;BARCELOS/AM, NOVO AIRÃO/AM, SANTA ISABEL DO RIO NEGRO/AM, SÃO GABRIEL DA CACHOEIRA/AM, CARACARAÍ/RR;Empresa de Pesquisa Energética;Ministério de Minas e Energia;71;31/10/2014;;;;;;Previsão para 31/12/2014 - 
8932;1000;BR-319/AM - Pontes Subtrecho (Entroncamento BR-230) km 679 até km 877 - AM RO;20850000.00;;;AM RO;HUMAITÁ/AM, CANUTAMA/AM, PORTO VELHO/RO;DNIT;Ministério dos Transportes;90;31/10/2014;;30/08/2011;;;;
9413;1003;Corredor do rio Madeira - Dragagem e sinalização - PNMH - AM RO;18900000.00;;;AM RO;HUMAITÁ/AM, MANICORÉ/AM, NOVO ARIPUANÃ/AM, BORBA/AM, NOVA OLINDA DO NORTE/AM, AUTAZES/AM, PORTO VELHO/RO;DNIT;Ministério dos Transportes;90;31/10/2014;;17/09/2014;;;;Previsão para 31/12/2014 - 
9414;1003;Corredor do rio Madeira - Dragagem de Manutenção - Trecho Porto Velho até Itacoatiara - AM RO;21600000.00;;;AM RO;HUMAITÁ/AM, MANICORÉ/AM, NOVO ARIPUANÃ/AM, BORBA/AM, NOVA OLINDA DO NORTE/AM, AUTAZES/AM, PORTO VELHO/RO;AHIMOC;Ministério dos Transportes;70;31/10/2014;;;;;;
9415;1003;Corredor do rio Madeira - Recuperação da Sinalização - AM RO;;;;AM RO;HUMAITÁ/AM, MANICORÉ/AM, NOVO ARIPUANÃ/AM, BORBA/AM, NOVA OLINDA DO NORTE/AM, AUTAZES/AM, PORTO VELHO/RO;AHIMOC;Ministério dos Transportes;10;31/10/2014;;;;;;Previsão para 31/12/2014 - Valor não divulgado em razão da possibilidade de uso do Regime Diferenciado de Contratação - RDC.
9416;1003;Corredor do rio Tapajós - Dragagem e derrocamento - PNMH - MT PA;14000000.00;9000000.00;;MT PA;JACAREACANGA/PA, ITAITUBA/PA, AVEIRO/PA, SANTARÉM/PA, COLÍDER/MT, SINOP/MT, SORRISO/MT, JURUENA/MT;DNIT;Ministério dos Transportes;71;31/10/2014;;;;;;Previsão para 31/12/2014 - 
9422;1003;Corredor do rio Paraná - Dragagem e sinalização - PNMH - GO MG MS PR SP;26500000.00;;;GO MG MS PR SP;ARAPORÃ/MG, CAPINÓPOLIS/MG, ITURAMA/MG, SANTA VITÓRIA/MG, ILHA SOLTEIRA/SP, OUROESTE/SP, PANORAMA/SP, PAULICÉIA/SP, PRESIDENTE EPITÁCIO/SP, ROSANA/SP, RUBINÉIA/SP, SANTA FÉ DO SUL/SP, CAPANEMA/PR, DIAMANTE DO NORTE/PR, FOZ DO IGUAÇU/PR, FRANCISCO ALVES/PR, GUAÍRA/PR, ICARAÍMA/PR, PORTO RICO/PR, SANTA HELENA/PR, SÃO PEDRO DO PARANÁ/PR, TERRA RICA/PR, ANAURILÂNDIA/MS, BATAGUASSU/MS, BRASILÂNDIA/MS, MUNDO NOVO/MS, NAVIRAÍ/MS, SELVÍRIA/MS, TRÊS LAGOAS/MS, CACHOEIRA DOURADA/GO, LAGOA SANTA/GO, SANTA TEREZINHA DE ITAIPU/PR, PARANAÍBA/MS, SÃO SIMÃO/GO, ITUMBIARA/GO, HERCULÂNDIA/SP, APARECIDA DO TABOADO/MS;DNIT;Ministério dos Transportes;71;31/10/2014;;;;;;Previsão para 31/12/2014 - 
9423;1003;Corredor do rio Paraná - Sinalização - GO MG MS PR SP;23500000.00;;;GO MG MS PR SP;ITAPAGIPE/MG, ITURAMA/MG, SANTA VITÓRIA/MG, ILHA SOLTEIRA/SP, OUROESTE/SP, PANORAMA/SP, PAULICÉIA/SP, PRESIDENTE EPITÁCIO/SP, ROSANA/SP, RUBINÉIA/SP, SANTA FÉ DO SUL/SP, FOZ DO IGUAÇU/PR, GUAÍRA/PR, ICARAÍMA/PR, PORTO RICO/PR, SANTA HELENA/PR, SÃO PEDRO DO PARANÁ/PR, ANAURILÂNDIA/MS, BATAGUASSU/MS, BRASILÂNDIA/MS, MUNDO NOVO/MS, SELVÍRIA/MS, TRÊS LAGOAS/MS, SÃO SIMÃO/GO, SANTA TEREZINHA DE ITAIPU/PR, PARANAÍBA/MS, APARECIDA DO TABOADO/MS;AHRANA;Ministério dos Transportes;90;31/10/2014;;26/09/2014;;;;Previsão para 31/12/2014 - 
9433;1003;Estudos Hidroviários do corredor do rio Parnaíba - MA PI;6500000.00;;;MA PI;ALTO PARNAÍBA/MA, BARÃO DE GRAJAÚ/MA, BENEDITO LEITE/MA, COELHO NETO/MA, MAGALHÃES DE ALMEIDA/MA, NOVA IORQUE/MA, PARNARAMA/MA, SÃO FRANCISCO DO MARANHÃO/MA, TASSO FRAGOSO/MA, TIMON/MA, AMARANTE/PI, FLORIANO/PI, GUADALUPE/PI, JOCA MARQUES/PI, LUÍS CORREIA/PI, MIGUEL ALVES/PI, PALMEIRAIS/PI, PORTO/PI, RIBEIRO GONÇALVES/PI, SANTA FILOMENA/PI, TERESINA/PI, URUÇUÍ/PI;DNIT;Ministério dos Transportes;90;31/10/2014;;29/10/2014;;;;Previsão para 31/12/2014 - 
9473;1003;Corredor do rio Paraguai - Dragagem e sinalização - PNMH - MS MT;11810000.00;;;MS MT;LADÁRIO/MS, CORUMBÁ/MS, PORTO MURTINHO/MS, CÁCERES/MT;DNIT;Ministério dos Transportes;71;31/10/2014;;;;;;Previsão para 31/12/2014 - 
9479;1003;Corredor do rio São Francisco - Dragagem e sinalização - PNMH - BA MG PE;13780000.00;;;BA MG PE;JUAZEIRO/BA, SOBRADINHO/BA, SENTO SÉ/BA, REMANSO/BA, PILÃO ARCADO/BA, XIQUE-XIQUE/BA, BARRA/BA, IBOTIRAMA/BA, PARATINGA/BA, SÍTIO DO MATO/BA, BOM JESUS DA LAPA/BA, MALHADA/BA, CARINHANHA/BA, PETROLINA/PE, MANGA/MG, MATIAS CARDOSO/MG, ITACARAMBI/MG, JANUÁRIA/MG, PEDRAS DE MARIA DA CRUZ/MG, SÃO FRANCISCO/MG, PIRAPORA/MG, BURITIZEIRO/MG;DNIT;Ministério dos Transportes;71;31/10/2014;;;;;;Previsão para 31/12/2014 - 
9488;2002;Bacia Sedimentar de Santos - Pré-sal - ES RJ SP;169350000.00;;;ES RJ SP;;Empreendedor Privado;Ministério de Minas e Energia;90;31/10/2014;;31/12/2013;;;;Previsão para 31/12/2014 - 
9489;2002;Bacia Sedimentar do São Francisco Fase II - BA DF GO MG TO;56487000.00;;;BA DF GO MG TO;;ANP;Ministério de Minas e Energia;91;31/10/2014;;;;;;Previsão para 31/12/2014 - 
9500;2002;EXPANSÃO DA MALHA NORDESTE - Fase II - PE SE;25500000.00;;;PE SE;;Petrobras;Ministério de Minas e Energia;90;31/10/2014;;30/11/2012;;;;Previsão para 31/12/2014 - 
9501;2002;EXPANSÃO DA MALHA SUDESTE - Fase II - ES MG MS RJ SP;176290000.00;19370000.00;;ES MG MS RJ SP;;Petrobras;Ministério de Minas e Energia;90;31/10/2014;;29/05/2014;;;;Previsão para 31/12/2014 - 
9502;2002;Exploração no Pós-Sal - Fase II - BR;23600740000.00;50938600000.00;;BR;NACIONAL;Outros, Petrobras;Ministério de Minas e Energia;91;31/10/2014;;;;;;Previsão para 31/12/2014 - 
9503;2002;Exploração no Pré-Sal - Fase II - BR;25369380000.00;16290920000.00;;BR;NACIONAL;Outros, Petrobras;Ministério de Minas e Energia;91;31/10/2014;;;;;;Previsão para 31/12/2014 - 
9509;2003;Levantamento da Geodiversidade - Riscos Geológicos e Desastres Naturais;14629000.00;;;BR;NACIONAL;CPRM;Ministério de Minas e Energia;90;31/10/2014;;31/12/2014;;;;Previsão para 31/12/2014 - 
9557;1001;Corredor Ferroviário do Paraná (Maracaju - Lapa - Paranaguá) - Estudos (PIL) - MS PR;24000000.00;;;MS PR;;EPL, VALE S/A;Ministério dos Transportes;71;31/10/2014;;;;;;
15258;2001;Interligação N-CO III ( Porto Velho - Jauru) - MT RO;362150000.00;50000000.00;;MT RO;ARIQUEMES/RO, JI-PARANÁ/RO, PIMENTA BUENO/RO, PORTO VELHO/RO, VILHENA/RO, JAURU/MT;Linha Verde Transmissora de Energia;Ministério de Minas e Energia;70;31/10/2014;;;;;;Previsão para 31/12/2014 - 
15262;2001;LT 230 kV Paraíso - Lagoa Nova - CE RN;24369000.00;5900000.00;;CE RN;SANTA CRUZ/RN, IBIAPINA/CE, LAGOA NOVA/RN;Companhia hidro elétrica do São Francisco;Ministério de Minas e Energia;70;31/10/2014;;;;;;Previsão para 31/12/2014 - 
15263;2001;LT 500 kV Ceará-Mirim - Campina Grande III - PB RN;143000000.00;15165000.00;;PB RN;CEARÁ-MIRIM/RN, CAMPINA GRANDE/PB;Extremoz Transmissora do Nordeste S.A.;Ministério de Minas e Energia;70;31/10/2014;;;;;;Previsão para 31/12/2014 - 
15346;6002;Ramal do Apodi - CE PB RN;;;;CE PB RN;APODI/RN, ÁGUA NOVA/RN, ALEXANDRIA/RN, ANTÔNIO MARTINS/RN, AREIA BRANCA/RN, CORONEL JOÃO PESSOA/RN, DOUTOR SEVERIANO/RN, ENCANTO/RN, FELIPE GUERRA/RN, FRANCISCO DANTAS/RN, FRUTUOSO GOMES/RN, GOVERNADOR DIX-SEPT ROSADO/RN, GROSSOS/RN, ITAÚ/RN, JOÃO DIAS/RN, JOSÉ DA PENHA/RN, LUCRÉCIA/RN, LUÍS GOMES/RN, MAJOR SALES/RN, MARCELINO VIEIRA/RN, MARTINS/RN, OLHO-D'ÁGUA DO BORGES/RN, PARANÁ/RN, PAU DOS FERROS/RN, PILÕES/RN, BARAÚNA/RN, CARAÚBAS/RN, PORTALEGRE/RN, RAFAEL FERNANDES/RN, RAFAEL GODEIRO/RN, RIACHO DA CRUZ/RN, RIACHO DE SANTANA/RN, RODOLFO FERNANDES/RN, SÃO FRANCISCO DO OESTE/RN, SÃO MIGUEL/RN, SERRINHA DOS PINTOS/RN, SEVERIANO MELO/RN, TABOLEIRO GRANDE/RN, TENENTE ANANIAS/RN, TIBAU/RN, UPANEMA/RN, VENHA-VER/RN, VIÇOSA/RN;Ministério da Integração Nacional;Ministério da Integração Nacional;10;31/10/2014;;;;;;Previsão para 31/12/2014 - Valor não divulgado em razão da possibilidade de uso do Regime Diferenciado de Contratação - RDC.
15351;6002;Recuperação e Controle de Processos Erosivos - Diagnóstico da Bacia do São Francisco - AL BA MG PE SE;;;;AL BA MG PE SE;;Codevasf;Ministério da Integração Nacional;10;31/10/2014;;;;;;Previsão para 31/12/2014 - Valor não divulgado em razão da possibilidade de uso do Regime Diferenciado de Contratação - RDC.
15352;6002;Recuperação e Controle de Processos Erosivos - Plano de Recursos Hídricos da Bacia do Parnaíba - CE MA PI;;;;CE MA PI;;Codevasf;Ministério da Integração Nacional;10;31/10/2014;;;;;;Previsão para 31/12/2014 - Valor não divulgado em razão da possibilidade de uso do Regime Diferenciado de Contratação - RDC.
15380;1001;Trecho Sul da Ferrovia Norte Sul - Construção Ouro Verde/GO - Estrela D'Oeste/SP - Lote 5 - MG SP;460300000.00;;;MG SP;SANTA VITÓRIA/MG, UNIÃO DE MINAS/MG, ITURAMA/MG, OUROESTE/SP, GUARANI D'OESTE/SP;VALEC;Ministério dos Transportes;70;31/10/2014;;;;;EMBLEMATICA;
15381;1001;Ferrovia Nova Transnordestina - Missão Velha - Salgueiro - CE PE;797450000.00;;;CE PE;MISSÃO VELHA/CE, MILAGRES/CE, ABAIARA/CE, BREJO SANTO/CE, JATI/CE, PENAFORTE/CE, SALGUEIRO/PE;Concessionária TL S/A;Ministério dos Transportes;90;31/10/2014;;28/02/2013;;;EMBLEMATICA;
15383;1001;Ferrovia Nova Transnordestina - Trindade - Eliseu Martins - PE PI;500590000.00;568610000.00;;PE PI;TRINDADE/PE, ARARIPINA/PE, SIMÕES/PI, CURRAL NOVO DO PIAUÍ/PI, BETÂNIA DO PIAUÍ/PI, PAULISTANA/PI, CAMPO ALEGRE DO FIDALGO/PI, NOVA SANTA RITA/PI, BELA VISTA DO PIAUÍ/PI, PAES LANDIM/PI, SIMPLÍCIO MENDES/PI, SÃO MIGUEL DO FIDALGO/PI, SÃO JOSÉ DO PEIXE/PI, RIBEIRA DO PIAUÍ/PI, PAJEÚ DO PIAUÍ/PI, FLORES DO PIAUÍ/PI, ITAUEIRA/PI, RIO GRANDE DO PIAUÍ/PI, PAVUSSU/PI, ELISEU MARTINS/PI;Concessionária TL S/A;Ministério dos Transportes;70;31/10/2014;;;;;EMBLEMATICA;
15386;1001;Ferrovia de Integração do Centro-Oeste -Campinorte/GO - Lucas do Rio Verde/MT (PIL) - GO MT;;;;GO MT;ÁGUA BOA/MT, CANARANA/MT, GAÚCHA DO NORTE/MT, NOVA UBIRATÃ/MT, LUCAS DO RIO VERDE/MT, SORRISO/MT;EPL;Ministério dos Transportes;10;31/10/2014;;;;;;Valor não divulgado em razão da possibilidade de uso do Regime Diferenciado de Contratação - RDC.
22837;6001;Ampliação e melhoria do SAA - sistema de produção de água do Rio Corumbá - Cidade Ocidental/GO, Novo Gama/GO, Valparaíso de Goiás/GO, Brasília/DF, Luziânia/GO - DF GO;;;119012105.56;DF GO;CIDADE OCIDENTAL/GO, NOVO GAMA/GO, VALPARAÍSO DE GOIÁS/GO, BRASÍLIA/DF, LUZIÂNIA/GO;Estado;Ministério das Cidades;70;31/10/2014;31/08/2007;;"16°12'22.140000""S";"48°9'44.953200""O";;Previsão para 31/12/2014 - Inclui investimento 2007 a 2010.
23420;6001;Ampliação do SAA do Rio Corumbá - adutoras e ETA - Sistema Corumbá Sul - Brasília/DF, Vila Boa/GO, Valparaíso de Goiás/GO, Santo Antônio do Descoberto/GO, Planaltina/GO, Pirenópolis/GO, Padre Bernardo/GO, Novo Gama/GO, Mimoso de Goiás/GO, Luziânia/GO, Formosa/GO, Cristalina/GO, Corumbá de Goiás/GO, Cocalzinho de Goiás/GO, Cidade Ocidental/GO, Cabeceiras/GO, Alexânia/GO, Águas Lindas de Goiás/GO, Água Fria de Goiás/GO, Abadiânia/GO, Unaí/MG, Buritis/MG - DF GO MG;;;131666906.39;DF GO MG;BRASÍLIA/DF, VILA BOA/GO, VALPARAÍSO DE GOIÁS/GO, SANTO ANTÔNIO DO DESCOBERTO/GO, PLANALTINA/GO, PIRENÓPOLIS/GO, PADRE BERNARDO/GO, NOVO GAMA/GO, MIMOSO DE GOIÁS/GO, LUZIÂNIA/GO, FORMOSA/GO, CRISTALINA/GO, CORUMBÁ DE GOIÁS/GO, COCALZINHO DE GOIÁS/GO, CIDADE OCIDENTAL/GO, CABECEIRAS/GO, ALEXÂNIA/GO, ÁGUAS LINDAS DE GOIÁS/GO, ÁGUA FRIA DE GOIÁS/GO, ABADIÂNIA/GO, UNAÍ/MG, BURITIS/MG;Estado;Ministério das Cidades;70;31/10/2014;24/01/2008;;"15°40'34.319676""S";"47°51'33.118272""O";;Previsão para 31/12/2014 - 
23947;6001;Ampliação do SAA do Rio Corumbá - ETA e adutora - Sistema Corumbá Sul - Complementação - Brasília/DF, Cidade Ocidental/GO, Luziânia/GO, Novo Gama/GO, Valparaíso de Goiás/GO - DF GO;;;21055825.64;DF GO;BRASÍLIA/DF, CIDADE OCIDENTAL/GO, LUZIÂNIA/GO, NOVO GAMA/GO, VALPARAÍSO DE GOIÁS/GO;Estado;Ministério das Cidades;70;31/10/2014;27/11/2008;;"15°40'34.319676""S";"47°51'33.118272""O";;Previsão para 31/12/2014 - 
24257;6001;Implantação do SAA de Águas Lindas de Goiás e RIDE - Sistema Corumbá Sul - Brasília/DF, Valparaíso de Goiás/GO, Novo Gama/GO, Luziânia/GO, Cidade Ocidental/GO, Águas Lindas de Goiás/GO - DF GO;;;112697067.74;DF GO;BRASÍLIA/DF, VALPARAÍSO DE GOIÁS/GO, NOVO GAMA/GO, LUZIÂNIA/GO, CIDADE OCIDENTAL/GO, ÁGUAS LINDAS DE GOIÁS/GO;Estado;Ministério das Cidades;70;31/10/2014;31/08/2009;;"15°45'36.611928""S";"48°14'40.485552""O";;Previsão para 31/12/2014 - Inclui investimento 2007 a 2010.
24387;6001;Ampliação do Sistema Produtor Corumbá IV - Cidade Ocidental/GO, Novo Gama/GO, Valparaíso de Goiás/GO, Brasília/DF, Luziânia/GO - DF GO;;;31603684.33;DF GO;CIDADE OCIDENTAL/GO, NOVO GAMA/GO, VALPARAÍSO DE GOIÁS/GO, BRASÍLIA/DF, LUZIÂNIA/GO;Estado;Ministério das Cidades;70;31/10/2014;11/11/2010;;"16°14'41.798400""S";"47°55'45.400800""O";;Previsão para 31/12/2014 - 
30385;2002;Pré-Sal - LULA SUL - Replicante 1 - P-66 - AL RJ RS SC;3300860000.00;9209950000.00;;AL RJ RS SC;;Petrobras;Ministério de Minas e Energia;70;31/10/2014;;;;;EMBLEMATICA;Previsão para 31/12/2014 - 
30395;2002;Plataforma P-55 - Campo Roncador Módulo 3 - PE RJ RS SP;7978250000.00;392700000.00;;PE RJ RS SP;;Petrobras;Ministério de Minas e Energia;91;31/10/2014;;;;;EMBLEMATICA;Previsão para 31/12/2014 - 
30473;1002;Porto Sem Papel - Fase 1 - Concentrador de Dados e Portal de Informações Portuárias - ES RJ SP;;;;ES RJ SP;VITÓRIA/ES, RIO DE JANEIRO/RJ, SANTOS/SP;Secretaria de Portos, Serviço Federal de Processamento de Dados - SERPRO;Secretaria de Portos da Presidência da República;90;31/10/2014;;01/09/2011;;;EMBLEMATICA;Previsão para 31/12/2014 - 
30479;6002;Implantação do Parque Nacional das Nascentes do Rio Parnaíba - BA MA PI TO;4064907.94;;;BA MA PI TO;;Governo do Estado do Piauí;Ministério da Integração Nacional;71;31/10/2014;;;;;;Previsão para 31/12/2014 - 
30593;2001;Interligação Luiz Gonzaga - Garanhuns - Pau Ferro - AL PB PE;907700000.00;31300000.00;;AL PB PE;ÁGUA BRANCA/AL, CANAPI/AL, MATA GRANDE/AL, ALCANTIL/PB, BARRA DE SANTANA/PB, BARRA DE SÃO MIGUEL/PB, BOQUEIRÃO/PB, CATURITÉ/PB, RIACHO DE SANTO ANTÔNIO/PB, ABREU E LIMA/PE, AGRESTINA/PE, ÁGUAS BELAS/PE, ANGELIM/PE, BELO JARDIM/PE, BONITO/PE, BREJO DA MADRE DE DEUS/PE, CACHOEIRINHA/PE, CALÇADO/PE, CAMOCIM DE SÃO FÉLIX/PE, CANHOTINHO/PE, CHÃ DE ALEGRIA/PE, CHÃ GRANDE/PE, CUPIRA/PE, GLÓRIA DO GOITÁ/PE, GRAVATÁ/PE, IATI/PE, IBIRAJUBA/PE, IGARASSU/PE, ITAÍBA/PE, JATOBÁ/PE, JUPI/PE, JUREMA/PE, LAJEDO/PE, PANELAS/PE, PARANATAMA/PE, PAUDALHO/PE, POMBOS/PE, SAIRÉ/PE, SALOÁ/PE, SANTA CRUZ DO CAPIBARIBE/PE, SÃO BENTO DO UNA/PE, SÃO JOÃO/PE, SÃO JOAQUIM DO MONTE/PE, TACAIMBÓ/PE, VITÓRIA DE SANTO ANTÃO/PE, GARANHUNS/PE, TACARATU/PE, PIRANHAS/AL, CAMPINA GRANDE/PB;Interligação Elétrica Garanhuns S.A.;Ministério de Minas e Energia;70;31/10/2014;;;;;;Previsão para 31/12/2014 - 
31590;2001;LT 230 kV Messias - Maceió II, CD - AL BA;;;;AL BA;MESSIAS/AL, POÇÕES/BA;Companhia hidro elétrica do São Francisco;Ministério de Minas e Energia;40;31/10/2014;;;;;;Previsão para 31/12/2014 - Valor não divulgado em razão da possibilidade de uso do Regime Diferenciado de Contratação - RDC.
31591;2001;LT 525 kV Salto Santiago - Itá - Nova Santa Rita C2, CS - PR RS SC;346228000.00;;;PR RS SC;SAUDADE DO IGUAÇU/PR, ITÁ/SC, NOVA SANTA RITA/RS;Transmissora Sul Brasileira de Energia S.A.;Ministério de Minas e Energia;90;31/10/2014;;01/02/2014;;;;Previsão para 31/12/2014 - 
35635;2001;Interligação Teles Pires (Ribeirãzinho - Marimbondo II) - GO MG MT SP;567120000.00;189040000.00;;GO MG MT SP;RIBEIRÃOZINHO/MT, RIO VERDE/GO, FRONTEIRA/MG, ICÉM/SP;Guaraciaba Transmissora de Energia S.A.;Ministério de Minas e Energia;70;31/10/2014;;;;;;Previsão para 31/12/2014 - 
35640;2001;LT 230 kV Russas - Banabuiu - CE RN;;;;CE RN;BANABUIÚ/CE, RUSSAS/CE, JAGUARETAMA/CE, MORADA NOVA/CE, LIMOEIRO DO NORTE/CE;Companhia hidro elétrica do São Francisco;Ministério de Minas e Energia;40;31/10/2014;;;;;;Previsão para 31/12/2014 - Valor não divulgado em razão da possibilidade de uso do Regime Diferenciado de Contratação - RDC.
46852;2001;Interligação N-NE/N-SE - LT 500 kV Barreiras II - Rio das Éguas - Luziânia - Pirapora 2 - BA GO MG;;;;BA GO MG;BARREIRAS/BA, FORMOSA/GO, PIRAPORA/MG;Consórcio Paranaíba;Ministério de Minas e Energia;40;31/10/2014;;;;;;Previsão para 31/12/2014 - Valor não divulgado em razão da possibilidade de uso do Regime Diferenciado de Contratação - RDC.
46854;2001;LT 500 kV Marimbondo II - Assis - MG SP;;;;MG SP;FRONTEIRA/MG, ASSIS/SP;Consórcio Triângulo Mineiro;Ministério de Minas e Energia;40;31/10/2014;;;;;;Previsão para 31/12/2014 - Valor não divulgado em razão da possibilidade de uso do Regime Diferenciado de Contratação - RDC.
46855;2001;LT 500 kV Milagres II - Açú III - CE RN;;;;CE RN;MILAGRES/CE, AÇU/RN;Abengoa Concessões Brasil Holding S.A.;Ministério de Minas e Energia;40;31/10/2014;;;;;;Previsão para 31/12/2014 - Valor não divulgado em razão da possibilidade de uso do Regime Diferenciado de Contratação - RDC.
46856;2001;Interligação N-NE/N-SE - LT 500 kV Miracema - Gilbués II - Barreiras II - Bom Jesus da Lapa II - Ibicoara - Sapeaçú - BA PI TO;;;;BA PI TO;BARREIRAS/BA, BOM JESUS DA LAPA/BA, GILBUÉS/PI, MIRACEMA DO TOCANTINS/TO;Abengoa Concessões Brasil Holding S.A.;Ministério de Minas e Energia;40;31/10/2014;;;;;;Previsão para 31/12/2014 - Valor não divulgado em razão da possibilidade de uso do Regime Diferenciado de Contratação - RDC.
46858;1002;Sistema de Gerenciamento de Tráfego Marítimo – VTMIS – Fase 2 - Estudos e Apoio à Implantação do VTMIS nos demais Portos (ação 20B9) - AM CE MA PA PE PR RS SC;5000000.00;;;AM CE MA PA PE PR RS SC;;SEP/PR, UFSC, Administrações Portuárias;Secretaria de Portos da Presidência da República;71;31/10/2014;;;;;;Previsão para 31/12/2014 - 
47185;1002;Implantação das Áreas de Apoio Logístico Portuário – AALPs - Estudos, Projetos e Documentação de Apoio (ação 20B9) - BA CE ES MA PA PE PR RJ RS SC;5540000.00;;;BA CE ES MA PA PE PR RJ RS SC;;Secretaria de Portos;Secretaria de Portos da Presidência da República;71;31/10/2014;;;;;;Previsão para 31/12/2014 - 
47187;1002;Programa Federal de Apoio a Regularização e Gestão Ambiental Portuária – PRGAP - Fase I – Estudos (ação 20B9) - AL BA ES RJ RN SP;11700000.00;;;AL BA ES RJ RN SP;;SEP/PR, UFBA, UFSC;Secretaria de Portos da Presidência da República;71;31/10/2014;;;;;;Previsão para 31/12/2014 - 
48063;1004;Aquisição de veículos contra incêndio;101600000.00;;;BA GO MG MS MT PE PR RJ RO RS SC SP TO;;Estado;Secretaria de Aviação Civil da Presidência da República;71;31/10/2014;;;;;;Previsão para 31/12/2014 - 
56003;2001;Interligação Belo Monte - GO MG PA TO;;;;GO MG PA TO;PASSOS/MG, ALTAMIRA/PA;Belo Monte Transmissão de Energia;Ministério de Minas e Energia;40;31/10/2014;;;;;;Previsão para 31/12/2014 - Valor não divulgado em razão da possibilidade de uso do Regime Diferenciado de Contratação - RDC.
56004;2001;LT 230 kV Assis - Londrina, C2 - PR SP;;;;PR SP;LONDRINA/PR, ASSIS/SP;COPEL-GT - Copel Geração e Transmissão S.A.;Ministério de Minas e Energia;40;31/10/2014;;;;;;Previsão para 31/12/2014 - Valor não divulgado em razão da possibilidade de uso do Regime Diferenciado de Contratação - RDC.
56005;2001;LT 500 kV Presidente Dutra - Teresina II, C3 e LT 500 kV Teresina II - Sobral III, C3 - CE MA PI;;;;CE MA PI;SOBRAL/CE, PRESIDENTE DUTRA/MA, TERESINA/PI;ATE XX Transmissora de Energia S.A.;Ministério de Minas e Energia;40;31/10/2014;;;;;;Previsão para 31/12/2014 - Valor não divulgado em razão da possibilidade de uso do Regime Diferenciado de Contratação - RDC.
56006;2001;LT 500kV Campina Grande III - Ceará Mirim III, C2 - PB RN;46617000.00;72252000.00;;PB RN;CAMPINA GRANDE/PB, CEARÁ-MIRIM/RN;SE Narandiba S.A.;Ministério de Minas e Energia;70;31/10/2014;;;;;;Previsão para 31/12/2014 - 
56008;2001;LT 500kV Itatiba - Bateias - PR SP;;;;PR SP;CAMPO LARGO/PR, ITATIBA/SP;Consórcio Mata de Santa Genebra;Ministério de Minas e Energia;40;31/10/2014;;;;;;Previsão para 31/12/2014 - Valor não divulgado em razão da possibilidade de uso do Regime Diferenciado de Contratação - RDC.
56009;2001;LT 500kV São João do Piauí - Milagres, C2 e LT 500kV Luiz Gonzaga - Milagres II, C2 - CE PE PI;;;;CE PE PI;MILAGRES/CE, JATOBÁ/PE, SÃO JOÃO DO PIAUÍ/PI;ATE XIX Transmissora de Energia S.A.;Ministério de Minas e Energia;40;31/10/2014;;;;;;Previsão para 31/12/2014 - Valor não divulgado em razão da possibilidade de uso do Regime Diferenciado de Contratação - RDC.
56010;2001;LT 500KV Tucuruí II - Itacaiúnas e LT 500KV Itacaiúnas - Colinas - PA TO;;;;PA TO;MARABÁ/PA, TUCURUÍ/PA, COLINAS DO TOCANTINS/TO;Linhas de Itacaiúnas Transmissora de Energia Ltda.;Ministério de Minas e Energia;40;31/10/2014;;;;;;Previsão para 31/12/2014 - Valor não divulgado em razão da possibilidade de uso do Regime Diferenciado de Contratação - RDC.
56011;2001;LT 500KV Xingu - Parauapebas, C1 e C2 e LT 500KV Parauapebas - Miracema, C1 e C2 - PA TO;;;;PA TO;ANAPU/PA, PARAUAPEBAS/PA, MIRACEMA DO TOCANTINS/TO;ATE XXI Transmissora de Energia S.A.;Ministério de Minas e Energia;40;31/10/2014;;;;;;Previsão para 31/12/2014 - Valor não divulgado em razão da possibilidade de uso do Regime Diferenciado de Contratação - RDC.
56015;2002;Bacia Sedimentar do Solimões - Fase II - AC AM RO;966000.00;;;AC AM RO;;ANP;Ministério de Minas e Energia;90;31/10/2014;;31/12/2014;;;;Previsão para 31/12/2014 - 
56016;1002;Programa Federal de Apoio a Regularização e Gestão Ambiental Portuária - PRGAP - Fase 2 (20B9) - AM AP CE ES MA PA PB PE RJ RS SC;;;;AM AP CE ES MA PA PB PE RJ RS SC;;SEP/PR, UFSC;Secretaria de Portos da Presidência da República;10;31/10/2014;;;;;;Previsão para 31/12/2014 - Valor não divulgado em razão da possibilidade de uso do Regime Diferenciado de Contratação - RDC.
65637;1002;Modernização da Gestão Portuária (Ação 20B9) - PA RJ SP;9322250.64;5677749.36;;PA RJ SP;SANTOS/SP, BELÉM/PA, RIO DE JANEIRO/RJ;Secretaria de Portos;Secretaria de Portos da Presidência da República;71;31/10/2014;;;;;;Previsão para 31/12/2014 - 
67300;1003;Hidrovia Tocantins - Estudos PMNH Derrocamamento,Dragagem e Sinalização - MA PA TO;8700000.00;;;MA PA TO;PEIXE/TO, PORTO NACIONAL/TO, PALMAS/TO, LAJEADO/TO, MIRACEMA DO TOCANTINS/TO, PEDRO AFONSO/TO, CAROLINA/MA, ESTREITO/MA, BABAÇULÂNDIA/TO, PORTO FRANCO/MA, ITAGUATINS/TO, IMPERATRIZ/MA, MARABÁ/PA, ITUPIRANGA/PA, TUCURUÍ/PA, BELÉM/PA;DNIT;Ministério dos Transportes;71;31/10/2014;;;;;;Previsão para 31/12/2014 - 
77190;3003;Projeto da extensão do BRT – Sul - trecho Brasília - Luziânia;;;;DF GO;BRASÍLIA/DF, LUZIÂNIA/GO;;Ministério das Cidades;10;31/10/2014;;;;;;Valor não divulgado em razão da possibilidade de uso do Regime Diferenciado de Contratação - RDC.
77290;1004;Ambulift;9680000.00;;;AP BA ES GO MG MS PA PB PI PR RJ RO SC SE SP;MACAPÁ/AP, SANTARÉM/PA, PORTO VELHO/RO, JOÃO PESSOA/PB, TERESINA/PI, ARACAJU/SE, ILHÉUS/BA, GOIÂNIA/GO, RIO DE JANEIRO/RJ, VITÓRIA/ES, UBERLÂNDIA/MG, SÃO PAULO/SP, FOZ DO IGUAÇU/PR, FLORIANÓPOLIS/SC, NAVEGANTES/SC, CAMPO GRANDE/MS;Infraero;Empresa Brasileira de Infraestrutura Aeroportuária;90;31/10/2014;;30/12/2014;;;;Previsão para 31/12/2014 - 
77291;1004;Aquisição de raio-x para inspeção de bagagem despachada tipo multivisão;;;;AM AP BA CE GO MT PA PE PR RN RS SC SP;SALVADOR/BA, CUIABÁ/MT, GOIÂNIA/GO, RECIFE/PE, FORTALEZA/CE, NATAL/RN, BELÉM/PA, MACAPÁ/AP, MANAUS/AM, SÃO PAULO/SP, CURITIBA/PR, PORTO ALEGRE/RS, FLORIANÓPOLIS/SC;Infraero;Empresa Brasileira de Infraestrutura Aeroportuária;10;31/10/2014;;;;;;Previsão para 31/12/2014 - Valor não divulgado em razão da possibilidade de uso do Regime Diferenciado de Contratação - RDC.
77293;1004;Aquisição de raio-x carga aérea;7530000.00;;;AM BA CE ES MG PA PE PR RJ;BELO HORIZONTE/MG, RECIFE/PE, FORTALEZA/CE, BELÉM/PA, MANAUS/AM, PETROLINA/PE, CURITIBA/PR, SALVADOR/BA, VITÓRIA/ES, RIO DE JANEIRO/RJ;Infraero;Empresa Brasileira de Infraestrutura Aeroportuária;90;31/10/2014;;04/02/2014;;;;Previsão para 31/12/2014 - 
77295;1004;Ônibus;12250000.00;;;AL AM BA CE MG MT PA PR RJ RS SC SP;BELÉM/PA, FORTALEZA/CE, MACEIÓ/AL, SALVADOR/BA, RIO DE JANEIRO/RJ, SÃO PAULO/SP, BELO HORIZONTE/MG, CURITIBA/PR, MANAUS/AM, FLORIANÓPOLIS/SC, PORTO ALEGRE/RS, CUIABÁ/MT;Infraero;Empresa Brasileira de Infraestrutura Aeroportuária;90;31/10/2014;;01/10/2014;;;;Previsão para 31/12/2014 - 
77299;1004;ELO - CONECTORES MODULARES MÓVEIS;14830000.00;;;RS SC TO;PORTO ALEGRE/RS, PALMAS/TO, JOINVILLE/SC;Infraero;Empresa Brasileira de Infraestrutura Aeroportuária;90;31/10/2014;;14/12/2014;;;;Previsão para 31/12/2014 - 
